out_factory_code,query_outFactoryCode,equip_type_code,record_count_field,ok_days_field,rows_len,ok_rows,error_rows,payload_errors,fetched_at,path
152600349,152600349,T-V856S,184,184,184,184,0,0,2026-09-16T15:18:49,json/iot_timeseries/152600349/GetEquipRunStatusList.json
152600359,152600359,T-V856S,184,184,184,184,0,0,2026-09-16T18:48:07,json/iot_timeseries/152600359/GetEquipRunStatusList.json
152600374,152600374,T-V856S,184,184,184,184,0,0,2026-09-16T15:33:02,json/iot_timeseries/152600374/GetEquipRunStatusList.json
152600377,152600377,T-V856S,184,184,184,184,0,0,2026-09-16T15:20:39,json/iot_timeseries/152600377/GetEquipRunStatusList.json
152600384,152600384,T-V856S,184,184,184,184,0,0,2026-09-16T18:48:34,json/iot_timeseries/152600384/GetEquipRunStatusList.json
152600386,152600386,T-V856S,184,184,184,184,0,0,2026-09-16T15:34:59,json/iot_timeseries/152600386/GetEquipRunStatusList.json
152600387,152600387,T-V856S,184,184,184,184,0,0,2026-09-16T15:35:06,json/iot_timeseries/152600387/GetEquipRunStatusList.json
152600391,152600391,T-V856S,184,184,184,184,0,0,2026-09-16T18:48:30,json/iot_timeseries/152600391/GetEquipRunStatusList.json
152600398,152600398,T-V856S,184,184,184,184,0,0,2026-09-16T15:14:13,json/iot_timeseries/152600398/GetEquipRunStatusList.json
152600402,152600402,T-V856S,184,184,184,184,0,0,2026-09-16T15:13:36,json/iot_timeseries/152600402/GetEquipRunStatusList.json
152600408,152600408,T-V856S,184,184,184,184,0,0,2026-09-16T18:42:40,json/iot_timeseries/152600408/GetEquipRunStatusList.json
152600409,152600409,T-V856S,184,184,184,184,0,0,2026-09-16T18:46:17,json/iot_timeseries/152600409/GetEquipRunStatusList.json
152600410,152600410,T-V856S,184,184,184,184,0,0,2026-09-16T18:48:14,json/iot_timeseries/152600410/GetEquipRunStatusList.json
152600412,152600412,T-V856S,184,184,184,184,0,0,2026-09-16T18:49:35,json/iot_timeseries/152600412/GetEquipRunStatusList.json
152600415,152600415,T-V856S,184,184,184,184,0,0,2026-09-16T15:16:00,json/iot_timeseries/152600415/GetEquipRunStatusList.json
152600416,152600416,T-V856S,184,184,184,184,0,0,2026-09-16T15:38:32,json/iot_timeseries/152600416/GetEquipRunStatusList.json
152600419,152600419,T-V856S,184,184,184,184,0,0,2026-09-16T18:46:55,json/iot_timeseries/152600419/GetEquipRunStatusList.json
152600432,152600432,T-V856S,184,184,184,184,0,0,2026-09-16T18:46:24,json/iot_timeseries/152600432/GetEquipRunStatusList.json
152600436,152600436,T-V856S,184,184,184,184,0,0,2026-09-16T15:32:28,json/iot_timeseries/152600436/GetEquipRunStatusList.json
152600438,152600438,T-V856S,184,184,184,184,0,0,2026-09-16T18:38:06,json/iot_timeseries/152600438/GetEquipRunStatusList.json
152600455,152600455,T-V856S,184,184,184,184,0,0,2026-09-16T15:20:09,json/iot_timeseries/152600455/GetEquipRunStatusList.json
152600456,152600456,T-V856S,184,184,184,184,0,0,2026-09-16T15:20:21,json/iot_timeseries/152600456/GetEquipRunStatusList.json
152600457,152600457,T-V856S,184,184,184,184,0,0,2026-09-16T17:49:39,json/iot_timeseries/152600457/GetEquipRunStatusList.json
152600458,152600458,T-V856S,184,184,184,184,0,0,2026-09-16T15:31:02,json/iot_timeseries/152600458/GetEquipRunStatusList.json
152600459,152600459,T-V856S,184,184,184,184,0,0,2026-09-16T15:32:42,json/iot_timeseries/152600459/GetEquipRunStatusList.json
152600465,152600465,T-V856S,184,184,184,184,0,0,2026-09-16T18:49:15,json/iot_timeseries/152600465/GetEquipRunStatusList.json
152600469,152600469,T-V856S,184,184,184,184,0,0,2026-09-16T15:16:04,json/iot_timeseries/152600469/GetEquipRunStatusList.json
152600471,152600471,T-V856S,184,184,184,184,0,0,2026-09-16T15:16:58,json/iot_timeseries/152600471/GetEquipRunStatusList.json
152600472,152600472,T-V856S,184,184,184,184,0,0,2026-09-16T15:17:12,json/iot_timeseries/152600472/GetEquipRunStatusList.json
152600473,152600473,T-V856S,184,184,184,184,0,0,2026-09-16T18:48:35,json/iot_timeseries/152600473/GetEquipRunStatusList.json
152600478,152600478,T-V856S,184,184,184,184,0,0,2026-09-16T15:18:07,json/iot_timeseries/152600478/GetEquipRunStatusList.json
152600482,152600482,T-V856S,184,184,184,184,0,0,2026-09-16T15:20:13,json/iot_timeseries/152600482/GetEquipRunStatusList.json
152600483,152600483,T-V856S,184,184,184,184,0,0,2026-09-16T15:45:43,json/iot_timeseries/152600483/GetEquipRunStatusList.json
152600484,152600484,T-V856S,184,184,184,184,0,0,2026-09-16T15:46:55,json/iot_timeseries/152600484/GetEquipRunStatusList.json
152600488,152600488,T-V856S,184,184,184,184,0,0,2026-09-16T15:39:14,json/iot_timeseries/152600488/GetEquipRunStatusList.json
152600492,152600492,T-V856S,184,184,184,184,0,0,2026-09-16T15:18:56,json/iot_timeseries/152600492/GetEquipRunStatusList.json
152600493,152600493,T-V856S,184,184,184,184,0,0,2026-09-16T15:44:29,json/iot_timeseries/152600493/GetEquipRunStatusList.json
152600494,152600494,T-V856S,184,184,184,184,0,0,2026-09-16T15:18:56,json/iot_timeseries/152600494/GetEquipRunStatusList.json
152600495,152600495,T-V856S,184,184,184,184,0,0,2026-09-16T15:18:57,json/iot_timeseries/152600495/GetEquipRunStatusList.json
152600496,152600496,T-V856S,184,184,184,184,0,0,2026-09-16T15:19:26,json/iot_timeseries/152600496/GetEquipRunStatusList.json
162600834,162600834,T-V856S,184,184,184,184,0,0,2026-09-16T15:13:29,json/iot_timeseries/162600834/GetEquipRunStatusList.json
162600893,162600893,T-V856S,184,184,184,184,0,0,2026-09-16T15:15:38,json/iot_timeseries/162600893/GetEquipRunStatusList.json
162601068,162601068,T-V856S,184,184,184,184,0,0,2026-09-16T15:36:55,json/iot_timeseries/162601068/GetEquipRunStatusList.json
162601072,162601072,T-V856S,184,184,184,184,0,0,2026-09-16T15:14:00,json/iot_timeseries/162601072/GetEquipRunStatusList.json
162601321,162601321,T-V856S,184,184,184,184,0,0,2026-09-16T16:16:39,json/iot_timeseries/162601321/GetEquipRunStatusList.json
162601584,162601584,T-V856S,184,184,184,184,0,0,2026-09-16T15:40:11,json/iot_timeseries/162601584/GetEquipRunStatusList.json
162601586,162601586,T-V856S,184,184,184,184,0,0,2026-09-16T15:40:20,json/iot_timeseries/162601586/GetEquipRunStatusList.json
162601587,162601587,T-V856S,184,184,184,184,0,0,2026-09-16T15:41:25,json/iot_timeseries/162601587/GetEquipRunStatusList.json
162601588,162601588,T-V856S,184,184,184,184,0,0,2026-09-16T15:21:37,json/iot_timeseries/162601588/GetEquipRunStatusList.json
162601589,162601589,T-V856S,184,184,184,184,0,0,2026-09-16T15:20:18,json/iot_timeseries/162601589/GetEquipRunStatusList.json
162601710,162601710,T-V856S,184,184,184,184,0,0,2026-09-16T15:41:24,json/iot_timeseries/162601710/GetEquipRunStatusList.json
162601711,162601711,T-V856S,184,184,184,184,0,0,2026-09-16T18:38:50,json/iot_timeseries/162601711/GetEquipRunStatusList.json
162601712,162601712,T-V856S,184,184,184,184,0,0,2026-09-16T17:51:07,json/iot_timeseries/162601712/GetEquipRunStatusList.json
162601713,162601713,T-V856S,184,184,184,184,0,0,2026-09-16T15:43:28,json/iot_timeseries/162601713/GetEquipRunStatusList.json
162601714,162601714,T-V856S,184,184,184,184,0,0,2026-09-16T18:36:38,json/iot_timeseries/162601714/GetEquipRunStatusList.json
162601715,162601715,T-V856S,184,184,184,184,0,0,2026-09-16T15:43:20,json/iot_timeseries/162601715/GetEquipRunStatusList.json
162601717,162601717,T-V856S,184,184,184,184,0,0,2026-09-16T15:43:29,json/iot_timeseries/162601717/GetEquipRunStatusList.json
162601718,162601718,T-V856S,184,184,184,184,0,0,2026-09-16T15:21:42,json/iot_timeseries/162601718/GetEquipRunStatusList.json
162601719,162601719,T-V856S,184,184,184,184,0,0,2026-09-16T18:41:04,json/iot_timeseries/162601719/GetEquipRunStatusList.json
162601859,162601859,T-V856S,184,184,184,184,0,0,2026-09-16T18:38:34,json/iot_timeseries/162601859/GetEquipRunStatusList.json
162601861,162601861,T-V856S,184,184,184,184,0,0,2026-09-16T18:37:54,json/iot_timeseries/162601861/GetEquipRunStatusList.json
162601862,162601862,T-V856S,184,184,184,184,0,0,2026-09-16T15:21:52,json/iot_timeseries/162601862/GetEquipRunStatusList.json
162601863,162601863,T-V856S,184,184,184,184,0,0,2026-09-16T15:22:10,json/iot_timeseries/162601863/GetEquipRunStatusList.json
162601864,162601864,T-V856S,184,184,184,184,0,0,2026-09-16T15:22:15,json/iot_timeseries/162601864/GetEquipRunStatusList.json
162601865,162601865,T-V856S,184,184,184,184,0,0,2026-09-16T18:39:00,json/iot_timeseries/162601865/GetEquipRunStatusList.json
162601866,162601866,T-V856S,184,184,184,184,0,0,2026-09-16T18:39:10,json/iot_timeseries/162601866/GetEquipRunStatusList.json
162601867,162601867,T-V856S,184,184,184,184,0,0,2026-09-16T18:37:55,json/iot_timeseries/162601867/GetEquipRunStatusList.json
162601868,162601868,T-V856S,184,184,184,184,0,0,2026-09-16T18:41:45,json/iot_timeseries/162601868/GetEquipRunStatusList.json
172515661,172515661,T-V856S,184,184,184,184,0,0,2026-09-16T15:30:57,json/iot_timeseries/172515661/GetEquipRunStatusList.json
172600494,172600494,T-V856S,184,184,184,184,0,0,2026-09-16T15:16:01,json/iot_timeseries/172600494/GetEquipRunStatusList.json
172600523,172600523,T-V856S,184,184,184,184,0,0,2026-09-16T15:30:58,json/iot_timeseries/172600523/GetEquipRunStatusList.json
172600524,172600524,T-V856S,184,184,184,184,0,0,2026-09-16T15:31:03,json/iot_timeseries/172600524/GetEquipRunStatusList.json
172600735,172600735,T-V856S,184,184,184,184,0,0,2026-09-16T15:16:00,json/iot_timeseries/172600735/GetEquipRunStatusList.json
172600736,172600736,T-V856S,184,184,184,184,0,0,2026-09-16T15:17:05,json/iot_timeseries/172600736/GetEquipRunStatusList.json
172602605,172602605,T-V856S,184,184,184,184,0,0,2026-09-16T18:44:30,json/iot_timeseries/172602605/GetEquipRunStatusList.json
172602805,172602805,T-V856S,184,184,184,184,0,0,2026-09-16T15:19:11,json/iot_timeseries/172602805/GetEquipRunStatusList.json
172603006,172603006,T-V856S,184,184,184,184,0,0,2026-09-16T15:36:36,json/iot_timeseries/172603006/GetEquipRunStatusList.json
172603368,172603368,T-V856S,184,184,184,184,0,0,2026-09-16T15:37:28,json/iot_timeseries/172603368/GetEquipRunStatusList.json
172603369,172603369,T-V856S,184,184,184,184,0,0,2026-09-16T15:42:24,json/iot_timeseries/172603369/GetEquipRunStatusList.json
172603370,172603370,T-V856S,184,184,184,184,0,0,2026-09-16T15:15:34,json/iot_timeseries/172603370/GetEquipRunStatusList.json
172603375,172603375,T-V856S,184,184,184,184,0,0,2026-09-16T15:21:58,json/iot_timeseries/172603375/GetEquipRunStatusList.json
172603383,172603383,T-V856S,184,184,184,184,0,0,2026-09-16T15:39:31,json/iot_timeseries/172603383/GetEquipRunStatusList.json
172603386,172603386,T-V856S,184,184,184,184,0,0,2026-09-16T18:43:45,json/iot_timeseries/172603386/GetEquipRunStatusList.json
172603416,172603416,T-V856S,184,184,184,184,0,0,2026-09-16T18:39:46,json/iot_timeseries/172603416/GetEquipRunStatusList.json
172603418,172603418,T-V856S,184,184,184,184,0,0,2026-09-16T15:35:27,json/iot_timeseries/172603418/GetEquipRunStatusList.json
172603420,172603420,T-V856S,184,184,184,184,0,0,2026-09-16T18:39:37,json/iot_timeseries/172603420/GetEquipRunStatusList.json
172603505,172603505,T-V856S,184,184,184,184,0,0,2026-09-16T15:45:53,json/iot_timeseries/172603505/GetEquipRunStatusList.json
172603509,172603509,T-V856S,184,184,184,184,0,0,2026-09-16T15:45:11,json/iot_timeseries/172603509/GetEquipRunStatusList.json
172603512,172603512,T-V856S,184,184,184,184,0,0,2026-09-16T15:06:29,json/iot_timeseries/172603512/GetEquipRunStatusList.json
172603518,172603518,T-V856S,184,184,184,184,0,0,2026-09-16T15:46:31,json/iot_timeseries/172603518/GetEquipRunStatusList.json
172603528,172603528,T-V856S,184,184,184,184,0,0,2026-09-16T15:40:37,json/iot_timeseries/172603528/GetEquipRunStatusList.json
172603543,172603543,T-V856S,184,184,184,184,0,0,2026-09-16T15:40:10,json/iot_timeseries/172603543/GetEquipRunStatusList.json
172603544,172603544,T-V856S,184,184,184,184,0,0,2026-09-16T18:48:06,json/iot_timeseries/172603544/GetEquipRunStatusList.json
172603546,172603546,T-V856S,184,184,184,184,0,0,2026-09-17T10:23:46,json/iot_timeseries/172603546/GetEquipRunStatusList.json
172603549,172603549,T-V856S,184,184,184,184,0,0,2026-09-16T15:33:17,json/iot_timeseries/172603549/GetEquipRunStatusList.json
172603554,172603554,T-V856S,184,184,184,184,0,0,2026-09-16T15:38:04,json/iot_timeseries/172603554/GetEquipRunStatusList.json
172603556,172603556,T-V856S,184,184,184,184,0,0,2026-09-16T15:18:40,json/iot_timeseries/172603556/GetEquipRunStatusList.json
172603674,172603674,T-V856S,184,184,184,184,0,0,2026-09-16T15:45:12,json/iot_timeseries/172603674/GetEquipRunStatusList.json
172603680,172603680,T-V856S,184,184,184,184,0,0,2026-09-16T15:36:24,json/iot_timeseries/172603680/GetEquipRunStatusList.json
172603682,172603682,T-V856S,184,184,184,184,0,0,2026-09-16T18:37:08,json/iot_timeseries/172603682/GetEquipRunStatusList.json
172605548,172605548,T-600,184,184,184,184,0,0,2026-09-16T16:18:42,json/iot_timeseries/172605548/GetEquipRunStatusList.json
172605558,172605558,T-600,184,184,184,184,0,0,2026-09-17T07:34:14,json/iot_timeseries/172605558/GetEquipRunStatusList.json
172605559,172605559,T-600,184,184,184,184,0,0,2026-09-17T07:34:09,json/iot_timeseries/172605559/GetEquipRunStatusList.json
172605597,172605597,T-600,184,184,184,184,0,0,2026-09-17T07:34:16,json/iot_timeseries/172605597/GetEquipRunStatusList.json
172605598,172605598,T-600,184,184,184,184,0,0,2026-09-17T07:34:09,json/iot_timeseries/172605598/GetEquipRunStatusList.json
172605600,172605600,T-600,184,184,184,184,0,0,2026-09-16T16:19:20,json/iot_timeseries/172605600/GetEquipRunStatusList.json
172605603,172605603,T-600,184,184,184,184,0,0,2026-09-17T07:34:17,json/iot_timeseries/172605603/GetEquipRunStatusList.json
172605604,172605604,T-600,184,184,184,184,0,0,2026-09-17T07:34:02,json/iot_timeseries/172605604/GetEquipRunStatusList.json
172605605,172605605,T-600,184,184,184,184,0,0,2026-09-17T07:34:11,json/iot_timeseries/172605605/GetEquipRunStatusList.json
172605608,172605608,T-600,184,184,184,184,0,0,2026-09-17T07:34:19,json/iot_timeseries/172605608/GetEquipRunStatusList.json
172609342,172609342,T-600,184,184,184,184,0,0,2026-09-17T07:34:13,json/iot_timeseries/172609342/GetEquipRunStatusList.json
172609343,172609343,T-600,184,184,184,184,0,0,2026-09-17T07:34:14,json/iot_timeseries/172609343/GetEquipRunStatusList.json
172609347,172609347,T-600,184,184,184,184,0,0,2026-09-17T07:34:13,json/iot_timeseries/172609347/GetEquipRunStatusList.json
172609356,172609356,T-600,184,184,184,184,0,0,2026-09-17T07:34:17,json/iot_timeseries/172609356/GetEquipRunStatusList.json
172609357,172609357,T-600,184,184,184,184,0,0,2026-09-17T07:34:14,json/iot_timeseries/172609357/GetEquipRunStatusList.json
172609379,172609379,T-600,184,184,184,184,0,0,2026-09-17T07:34:16,json/iot_timeseries/172609379/GetEquipRunStatusList.json
172609382,172609382,T-600,184,184,184,184,0,0,2026-09-17T07:34:20,json/iot_timeseries/172609382/GetEquipRunStatusList.json
172609383,172609383,T-600,184,184,184,184,0,0,2026-09-17T07:38:30,json/iot_timeseries/172609383/GetEquipRunStatusList.json
172609384,172609384,T-600,184,184,184,184,0,0,2026-09-17T07:38:28,json/iot_timeseries/172609384/GetEquipRunStatusList.json
172609386,172609386,T-600,184,184,184,184,0,0,2026-09-17T07:38:36,json/iot_timeseries/172609386/GetEquipRunStatusList.json
172609387,172609387,T-600,184,184,184,184,0,0,2026-09-17T07:38:27,json/iot_timeseries/172609387/GetEquipRunStatusList.json
172609580,172609580,T-600,184,184,184,184,0,0,2026-09-17T07:38:31,json/iot_timeseries/172609580/GetEquipRunStatusList.json
172609581,172609581,T-600,184,184,184,184,0,0,2026-09-17T07:38:26,json/iot_timeseries/172609581/GetEquipRunStatusList.json
172609583,172609583,,184,184,184,184,0,0,2026-09-17T07:55:44,json/iot_timeseries/172609583/GetEquipRunStatusList.json
172609586,172609586,T-600,184,184,184,184,0,0,2026-09-17T07:38:33,json/iot_timeseries/172609586/GetEquipRunStatusList.json
172609633,172609633,T-600,184,184,184,184,0,0,2026-09-17T07:38:31,json/iot_timeseries/172609633/GetEquipRunStatusList.json
172609669,172609669,T-600,184,184,184,184,0,0,2026-09-17T07:38:37,json/iot_timeseries/172609669/GetEquipRunStatusList.json
172609676,172609676,T-600,184,184,184,184,0,0,2026-09-17T07:38:35,json/iot_timeseries/172609676/GetEquipRunStatusList.json
172609704,172609704,T-600,184,184,184,184,0,0,2026-09-17T07:38:35,json/iot_timeseries/172609704/GetEquipRunStatusList.json
172609950,172609950,T-600,184,184,184,184,0,0,2026-09-17T07:38:41,json/iot_timeseries/172609950/GetEquipRunStatusList.json
172609966,172609966,T-600,184,184,184,184,0,0,2026-09-17T07:42:39,json/iot_timeseries/172609966/GetEquipRunStatusList.json
172611538,172611538,T-600,184,184,184,184,0,0,2026-09-17T07:39:03,json/iot_timeseries/172611538/GetEquipRunStatusList.json
182603876,182603876,T-600,184,184,184,184,0,0,2026-09-16T16:04:41,json/iot_timeseries/182603876/GetEquipRunStatusList.json
182605169,182605169,T-600,184,184,184,184,0,0,2026-09-17T07:43:18,json/iot_timeseries/182605169/GetEquipRunStatusList.json
182605513,182605513,T-600,184,184,184,184,0,0,2026-09-17T07:49:02,json/iot_timeseries/182605513/GetEquipRunStatusList.json
182605660,182605660,T-600,184,184,184,184,0,0,2026-09-17T07:43:29,json/iot_timeseries/182605660/GetEquipRunStatusList.json
182605666,182605666,T-600,184,184,184,184,0,0,2026-09-17T07:43:33,json/iot_timeseries/182605666/GetEquipRunStatusList.json
182605670,182605670,T-600,184,184,184,184,0,0,2026-09-17T07:49:12,json/iot_timeseries/182605670/GetEquipRunStatusList.json
182605858,182605858,T-600,184,184,184,184,0,0,2026-09-17T07:49:00,json/iot_timeseries/182605858/GetEquipRunStatusList.json
182605863,182605863,T-600,184,184,184,184,0,0,2026-09-17T07:43:39,json/iot_timeseries/182605863/GetEquipRunStatusList.json
182605866,182605866,T-600,184,184,184,184,0,0,2026-09-17T07:43:10,json/iot_timeseries/182605866/GetEquipRunStatusList.json
182605870,182605870,T-600,184,184,184,184,0,0,2026-09-17T07:43:23,json/iot_timeseries/182605870/GetEquipRunStatusList.json
182605873,182605873,T-600,184,184,184,184,0,0,2026-09-17T07:43:42,json/iot_timeseries/182605873/GetEquipRunStatusList.json
182605874,182605874,T-600,184,184,184,184,0,0,2026-09-17T07:43:38,json/iot_timeseries/182605874/GetEquipRunStatusList.json
182605876,182605876,T-600,184,184,184,184,0,0,2026-09-17T07:43:47,json/iot_timeseries/182605876/GetEquipRunStatusList.json
182605877,182605877,T-600,184,184,184,184,0,0,2026-09-17T07:43:49,json/iot_timeseries/182605877/GetEquipRunStatusList.json
182605899,182605899,T-600,184,184,184,184,0,0,2026-09-17T07:49:18,json/iot_timeseries/182605899/GetEquipRunStatusList.json
182605926,182605926,T-600,184,184,184,184,0,0,2026-09-17T07:49:08,json/iot_timeseries/182605926/GetEquipRunStatusList.json
182606048,182606048,T-600,184,184,184,184,0,0,2026-09-17T07:49:04,json/iot_timeseries/182606048/GetEquipRunStatusList.json
182606054,182606054,T-600,184,184,184,184,0,0,2026-09-17T07:49:07,json/iot_timeseries/182606054/GetEquipRunStatusList.json
182606055,182606055,T-600,184,184,184,184,0,0,2026-09-17T07:49:15,json/iot_timeseries/182606055/GetEquipRunStatusList.json
182606056,182606056,T-600,184,184,184,184,0,0,2026-09-17T07:49:12,json/iot_timeseries/182606056/GetEquipRunStatusList.json
182606074,182606074,T-600,184,184,184,184,0,0,2026-09-17T07:49:23,json/iot_timeseries/182606074/GetEquipRunStatusList.json
182606079,182606079,T-600,184,184,184,184,0,0,2026-09-17T07:49:07,json/iot_timeseries/182606079/GetEquipRunStatusList.json
182606087,182606087,T-600,184,184,184,184,0,0,2026-09-17T07:49:32,json/iot_timeseries/182606087/GetEquipRunStatusList.json
182606091,182606091,T-600,184,184,184,184,0,0,2026-09-17T07:49:38,json/iot_timeseries/182606091/GetEquipRunStatusList.json
182606093,182606093,T-600,184,184,184,184,0,0,2026-09-17T07:49:31,json/iot_timeseries/182606093/GetEquipRunStatusList.json
182606094,182606094,T-600,184,184,184,184,0,0,2026-09-17T07:49:21,json/iot_timeseries/182606094/GetEquipRunStatusList.json
182606097,182606097,T-600,184,184,184,184,0,0,2026-09-17T07:51:00,json/iot_timeseries/182606097/GetEquipRunStatusList.json
182606116,182606116,T-600,184,184,184,184,0,0,2026-09-17T07:51:02,json/iot_timeseries/182606116/GetEquipRunStatusList.json
182606139,182606139,T-600,184,184,184,184,0,0,2026-09-17T07:51:04,json/iot_timeseries/182606139/GetEquipRunStatusList.json
182606144,182606144,T-600,184,184,184,184,0,0,2026-09-17T07:51:22,json/iot_timeseries/182606144/GetEquipRunStatusList.json
182606146,182606146,T-600,184,184,184,184,0,0,2026-09-17T07:51:24,json/iot_timeseries/182606146/GetEquipRunStatusList.json
182606151,182606151,T-600,184,184,184,184,0,0,2026-09-17T07:51:18,json/iot_timeseries/182606151/GetEquipRunStatusList.json
182606157,182606157,T-600,184,184,184,184,0,0,2026-09-17T07:51:16,json/iot_timeseries/182606157/GetEquipRunStatusList.json
182606161,182606161,T-600,184,184,184,184,0,0,2026-09-16T16:12:47,json/iot_timeseries/182606161/GetEquipRunStatusList.json
182606168,182606168,T-600,184,184,184,184,0,0,2026-09-16T16:13:12,json/iot_timeseries/182606168/GetEquipRunStatusList.json
182606173,182606173,T-600,184,184,184,184,0,0,2026-09-16T16:14:01,json/iot_timeseries/182606173/GetEquipRunStatusList.json
182606188,182606188,T-600,184,184,184,184,0,0,2026-09-17T07:51:30,json/iot_timeseries/182606188/GetEquipRunStatusList.json
182606189,182606189,T-600,184,184,184,184,0,0,2026-09-17T07:51:25,json/iot_timeseries/182606189/GetEquipRunStatusList.json
182606200,182606200,T-600,184,184,184,184,0,0,2026-09-17T07:51:34,json/iot_timeseries/182606200/GetEquipRunStatusList.json
182606315,182606315,T-600,184,184,184,184,0,0,2026-09-17T07:55:04,json/iot_timeseries/182606315/GetEquipRunStatusList.json
182606317,182606317,T-600,184,184,184,184,0,0,2026-09-17T07:55:03,json/iot_timeseries/182606317/GetEquipRunStatusList.json
182606321,182606321,T-600,184,184,184,184,0,0,2026-09-17T07:57:50,json/iot_timeseries/182606321/GetEquipRunStatusList.json
182606322,182606322,T-600,184,184,184,184,0,0,2026-09-17T07:58:41,json/iot_timeseries/182606322/GetEquipRunStatusList.json
182607026,182607026,T-600,184,184,184,184,0,0,2026-09-17T07:55:29,json/iot_timeseries/182607026/GetEquipRunStatusList.json
182607027,182607027,T-600,184,184,184,184,0,0,2026-09-17T07:55:30,json/iot_timeseries/182607027/GetEquipRunStatusList.json
182607028,182607028,T-600,184,184,184,184,0,0,2026-09-17T07:55:31,json/iot_timeseries/182607028/GetEquipRunStatusList.json
182607029,182607029,T-600,184,184,184,184,0,0,2026-09-17T07:58:19,json/iot_timeseries/182607029/GetEquipRunStatusList.json
182607030,182607030,T-600,184,184,184,184,0,0,2026-09-17T07:55:30,json/iot_timeseries/182607030/GetEquipRunStatusList.json
182607032,182607032,T-600,184,184,184,184,0,0,2026-09-16T16:17:39,json/iot_timeseries/182607032/GetEquipRunStatusList.json
182607035,182607035,T-600,184,184,184,184,0,0,2026-09-17T07:55:26,json/iot_timeseries/182607035/GetEquipRunStatusList.json
182607036,182607036,T-600,184,184,184,184,0,0,2026-09-17T07:55:24,json/iot_timeseries/182607036/GetEquipRunStatusList.json
182607037,182607037,T-600,184,184,184,184,0,0,2026-09-16T16:17:42,json/iot_timeseries/182607037/GetEquipRunStatusList.json
182607040,182607040,T-600,184,184,184,184,0,0,2026-09-17T07:55:29,json/iot_timeseries/182607040/GetEquipRunStatusList.json
182607041,182607041,T-600,184,184,184,184,0,0,2026-09-17T09:35:52,json/iot_timeseries/182607041/GetEquipRunStatusList.json
182607042,182607042,T-600,184,184,184,184,0,0,2026-09-17T07:55:30,json/iot_timeseries/182607042/GetEquipRunStatusList.json
182607043,182607043,T-600,184,184,184,184,0,0,2026-09-17T07:58:48,json/iot_timeseries/182607043/GetEquipRunStatusList.json
182607044,182607044,T-600,184,184,184,184,0,0,2026-09-16T16:19:25,json/iot_timeseries/182607044/GetEquipRunStatusList.json
182607046,182607046,T-600,184,184,184,184,0,0,2026-09-16T16:18:54,json/iot_timeseries/182607046/GetEquipRunStatusList.json
182607047,182607047,T-600,184,184,184,184,0,0,2026-09-16T16:18:53,json/iot_timeseries/182607047/GetEquipRunStatusList.json
182607048,182607048,T-600,184,184,184,184,0,0,2026-09-16T16:19:34,json/iot_timeseries/182607048/GetEquipRunStatusList.json
182607049,182607049,T-600,184,184,184,184,0,0,2026-09-16T16:19:41,json/iot_timeseries/182607049/GetEquipRunStatusList.json
182607050,182607050,T-600,184,184,184,184,0,0,2026-09-16T16:19:29,json/iot_timeseries/182607050/GetEquipRunStatusList.json
182607315,182607315,T-600,184,184,184,184,0,0,2026-09-16T16:22:20,json/iot_timeseries/182607315/GetEquipRunStatusList.json
182607334,182607334,T-600,184,184,184,184,0,0,2026-09-16T17:23:34,json/iot_timeseries/182607334/GetEquipRunStatusList.json
182607335,182607335,T-600,184,184,184,184,0,0,2026-09-16T17:03:01,json/iot_timeseries/182607335/GetEquipRunStatusList.json
182607336,182607336,T-600,184,184,184,184,0,0,2026-09-16T17:40:08,json/iot_timeseries/182607336/GetEquipRunStatusList.json
182607337,182607337,T-600,184,184,184,184,0,0,2026-09-16T17:40:09,json/iot_timeseries/182607337/GetEquipRunStatusList.json
182607338,182607338,T-600,184,184,184,184,0,0,2026-09-16T17:40:05,json/iot_timeseries/182607338/GetEquipRunStatusList.json
