ID,OrgName,ProductName,ProductType,Fyear,Fmonth,Assessment_Ship_BudgetQty,Assessment_Ship_Budget,Assessment_Ship_Budget_Hs,Management_Ship_BudgetQty,Management_Ship_Budget,Management_Ship_Budget_Hs,GL_Management_SignedContractQty,GL_Management_SignedContract,GL_Management_SignedContract_Hs
011fed1d3185428e8dabdae8eb5a5148,装备一事业群,通用产品线,型材机,2026,6,9.6,339.82,384.0,23.52,832.57,940.8,24.79,877.68,991.78
051fc29dedd54949bf518a2f5dab5f9a,装备一事业群,通用产品线,通用钻攻机,2026,2,330.0,4964.6,5610.0,550.0,8030.97,9075.0,606.59,8857.32,10008.77
065565efe9d543398fc16eef88da44e9,装备一事业群,通用产品线,型材机,2026,3,11.0,389.38,440.0,26.95,953.98,1078.0,29.76,1053.57,1190.53
0be56e0a1ff944b5bfde3e8774d22f0f,装备一事业群,通用产品线,通用钻攻机,2026,1,402.0,6047.79,6834.0,670.0,9783.19,11055.0,738.94,10789.83,12192.51
0eb7e276bd254ac6bea3c6dacf5e63b4,装备一事业群,通用产品线,小五轴,2026,6,28.8,892.04,1008.0,48.0,1486.73,1680.0,50.83,1574.37,1779.04
1cc14542e7614f779ad7c4d38555b845,装备一事业群,通用产品线,龙门机,2026,6,21.02,1637.27,1850.11,27.84,2168.07,2449.92,29.31,2282.48,2579.2
211e5e750c78456db719ae6d05a0f267,装备一事业群,通用产品线,通用钻攻机,2026,6,576.0,8665.49,9792.0,960.0,14017.7,15840.0,1010.65,14757.32,16675.77
2775afbe50af4655b8bec6e47468f6ad,装备一事业群,通用产品线,龙门机,2026,2,12.05,938.02,1059.96,15.95,1242.12,1403.6,17.59,1369.94,1548.03
29533581e4744822acab98cba493e143,装备一事业群,通用产品线,型材机,2026,1,6.7,237.17,268.0,16.42,581.06,656.6,18.13,641.72,725.14
31166983530c44129bf98e3db302c174,装备一事业群,通用产品线,立加,2026,6,864.0,17585.84,19872.0,1278.72,22632.21,25574.4,1348.88,23873.99,26977.61
3ad1f36c57b7419e82d29a1fa6c4ce0c,装备一事业群,通用产品线,卧加,2026,5,18.73,712.54,805.18,44.94,1710.11,1932.42,47.41,1804.04,2038.56
455c1b337b044da6bf1c7a922ed15e8a,装备一事业群,通用产品线,型材机,2026,2,5.5,194.69,220.0,13.48,476.99,539.0,14.88,526.78,595.26
46e0aac8b13c49b9bbb0eb7e9c9c770a,装备一事业群,通用产品线,立加,2026,5,963.0,19600.88,22149.0,1425.24,25225.49,28504.8,1503.44,26609.55,30068.79
484761ee43d947d78f601b79e877f105,装备一事业群,通用产品线,通用钻攻机,2026,5,642.0,9658.41,10914.0,1070.0,15623.89,17655.0,1126.46,16448.27,18586.54
4af2bee4b9e744098c2c4b00beddb40f,装备一事业群,通用产品线,小五轴,2026,5,32.1,994.25,1123.5,53.5,1657.08,1872.5,56.65,1754.76,1982.88
4b81a45a0cdd46b695f6a276e3ff4cbd,装备一事业群,通用产品线,卧加,2026,6,16.8,639.29,722.4,40.32,1534.3,1733.76,42.53,1618.58,1828.99
4e9db9d27f484132a4faad374bc2297e,装备一事业群,通用产品线,立加,2026,4,1035.0,21066.37,23805.0,1531.8,27111.5,30636.0,1441.0,25504.42,28820.0
57190f313f8d45c99cf6b34d6d6fc6f1,装备一事业群,通用产品线,卧加,2026,3,19.25,732.52,827.75,46.2,1758.05,1986.6,51.06,1942.93,2195.51
5d2950f423b54c7383290b9c13a8c98c,装备一事业群,通用产品线,立加,2026,2,495.0,10075.22,11385.0,732.6,12966.37,14652.0,608.0,10761.06,12160.0
7dc2d89003844a53ab8e184d5d3fe113,装备一事业群,通用产品线,型材机,2026,5,10.7,378.76,428.0,26.22,927.96,1048.6,27.64,978.25,1105.42
7ef7c43d883c4e04a9a01103fa98e251,装备一事业群,通用产品线,龙门机,2026,3,24.09,1876.04,2119.92,31.9,2484.25,2807.2,35.18,2739.88,3096.07
7f1c6fc0444849b8b33b42056bab3a1e,装备一事业群,通用产品线,立加,2026,3,990.0,20150.44,22770.0,1465.2,25932.74,29304.0,1525.5,27000.0,30510.0
9243d79fb1694687aab6c2fd5a843cf1,装备一事业群,通用产品线,通用钻攻机,2026,3,660.0,9929.2,11220.0,1100.0,16061.95,18150.0,1213.18,17714.64,20017.55
9e33d1684d194fcf971071db07a56143,装备一事业群,通用产品线,小五轴,2026,2,16.5,511.06,577.5,27.5,851.77,962.5,30.51,944.93,1067.77
a1cdf46b51414d5ab619b434afd99340,装备一事业群,通用产品线,卧加,2026,1,11.73,446.17,504.18,28.14,1070.81,1210.02,31.1,1183.42,1337.27
a4ea2caead264da1b1791e4f96df706f,装备一事业群,通用产品线,龙门机,2026,1,14.67,1142.68,1291.22,19.43,1513.13,1709.84,21.43,1668.84,1885.79
d5f0c7be8bf240e0b44a70143b56afe5,装备一事业群,通用产品线,型材机,2026,4,11.5,407.08,460.0,28.18,997.35,1127.0,31.12,1101.46,1244.64
d947e9bf15c4426fbd589a1868834897,装备一事业群,通用产品线,小五轴,2026,4,34.5,1068.58,1207.5,57.5,1780.97,2012.5,63.79,1975.77,2232.62
df6ecb6a487d4a50aecaf946fc3fdf33,装备一事业群,通用产品线,通用钻攻机,2026,4,690.0,10380.53,11730.0,1150.0,16792.04,18975.0,1268.33,18519.85,20927.43
ea7133a81f404a44bbae9d4ae3d6630d,装备一事业群,通用产品线,龙门机,2026,4,25.19,1961.31,2216.28,33.35,2597.17,2934.8,36.78,2864.42,3236.8
eabb58c875264fc7adcb46ec40047f60,装备一事业群,通用产品线,卧加,2026,4,20.13,765.82,865.38,48.3,1837.96,2076.9,53.38,2031.25,2295.31
eb7e790a90974b4dbbe5ca50eef2f96a,装备一事业群,通用产品线,卧加,2026,2,9.63,366.26,413.88,23.1,879.03,993.3,25.53,971.47,1097.76
ee5069e5469440eb93652ada2e9ee12a,装备一事业群,通用产品线,龙门机,2026,5,23.43,1824.87,2062.1,31.03,2416.5,2730.64,32.67,2544.01,2874.74
f4eb09a204124f6cababe2b529a0b1e9,装备一事业群,通用产品线,小五轴,2026,3,33.0,1022.12,1155.0,55.0,1703.54,1925.0,61.01,1889.87,2135.55
f50cc502fb63498eaa48c4dc60f9f974,装备一事业群,通用产品线,立加,2026,1,603.0,12273.45,13869.0,892.44,15795.4,17848.8,1425.0,25221.24,28500.0
f5bf3b65a5af4df1b3d7de87d54f91f3,装备一事业群,通用产品线,小五轴,2026,1,20.1,622.57,703.5,33.5,1037.61,1172.5,37.16,1151.1,1300.74
