ID,OrgName,ProductDept,SalesDept,Area,Area_fq,Fdept,Fyear,Fmonth,Assessment_Ship_Budget_Hs,Assessment_Ship_Budget,Management_Ship_Budget_Hs,Management_Ship_Budget,Management_SignedContract_Hs,Management_SignedContract,Lj_Assessment_Ship_Fqty,Lj_Assessment_Ship_Budget_Hs,Lj_Assessment_Ship_Budget,Lj_GL_Management_Ship_Fqty,Lj_GL_Management_ShipBudget_Hs,Lj_GL_Management_ShipBudget,GL_Management_SignedContract,Lj_GL_Management_Budget_Hs,Lj_GL_Management_Budget
0019939a78a64567bbe996bccc736411,装备一事业群,通用产品部,销售一部,华南大区,华南三区,华南三区销售一科,2026,3,781.0,691.15,1063.14,940.83,1249.48,1105.73,16.18,372.21,329.39,22.52,450.31,329.39,28.5,570.0,504.42
004d115e9c3a4030ba1af53d9221e26e,装备一事业群,通用产品部,其他部门代卖,项目销售部,,,2026,6,239.71,212.13,535.68,474.05,562.46,497.76,10.46,239.71,212.13,11.52,230.4,212.13,12.1,241.92,214.09
005eaa8cfff74733a1b2cd7eedd0ce19,装备一事业群,通用产品部,销售二部,华东大区,华东二区,华东二区销售三科,2026,1,498.21,440.9,665.14,588.62,1025.91,907.89,16.32,340.68,301.49,21.29,425.82,301.49,42.0,840.0,743.36
00d1133e00834e3eb5e1a285af7619f2,装备一事业群,通用产品部,销售二部,华东大区,华东一区,华东一区销售一科,2026,1,967.12,855.86,1291.15,1142.61,1991.48,1762.37,27.97,661.32,585.24,41.33,826.6,585.24,72.0,1440.0,1274.34
00fee0bd221d4d549bc38b913a8751bd,装备一事业群,通用产品部,销售一部,华南大区,华南一区,华南一区销售三科,2026,4,1000.5,885.4,1361.97,1205.28,1452.0,1284.96,20.73,476.9,422.03,28.85,576.97,422.03,30.63,612.5,542.04
01428e5f277c4f34811bf45ccd91a5eb,装备一事业群,通用产品部,销售四部,东南大区,,东南大区,2026,3,814.0,720.35,1100.0,973.45,1283.4,1135.75,21.56,501.16,443.5,25.30,506.0,443.5,31.5,630.0,557.52
02dc471bca004be983c864da17e481e5,装备一事业群,通用产品部,销售一部,华南大区,华南三区,华南三区销售一科,2026,5,759.7,672.3,1034.17,915.2,1086.16,961.21,15.74,362.06,320.4,21.90,438.03,320.4,22.77,455.39,403.0
055d5c792ae849c589dd2678cb3ea3c2,装备一事业群,通用产品部,销售四部,华北大区②,,华北大区②销售二科,2026,4,562.2,497.52,747.5,661.5,907.07,802.72,12.85,295.36,261.38,22.61,452.27,261.38,33.0,660.0,584.07
085275ebdd8546bfa339cf01c8ad065a,装备一事业群,通用产品部,其他部门代卖,项目销售部,,,2026,4,287.16,254.12,641.7,567.88,422.27,373.69,12.54,287.16,254.12,13.80,276.0,254.12,1.0,20.0,17.7
0a13391f11fb43928c4ba55c308fc8c0,装备一事业群,通用产品部,销售四部,西南大区,,西南大区销售二科,2026,1,848.67,751.03,1161.33,1027.73,1337.0,1183.19,23.85,548.28,485.21,24.57,491.33,485.21,20.0,400.0,353.98
0d49478db82f4734886b37cdbd1ac747,装备一事业群,通用产品部,销售四部,华中大区,,华中大区销售一科,2026,3,990.0,876.11,1353.0,1197.35,1473.9,1304.34,26.84,616.88,545.91,35.20,704.0,545.91,38.0,760.0,672.57
0e0f33cf948041c3b69ba97b5dad90e0,装备一事业群,通用产品部,销售一部,华南大区,华南五区,华南五区销售二科,2026,2,330.0,292.04,449.24,397.56,528.22,467.45,6.84,157.23,139.14,9.51,190.22,139.14,13.88,277.5,245.58
10267bc4186048108f0b975090f44be8,装备一事业群,通用产品部,销售三部,华北大区①,,华北大区①销售一科,2026,1,1202.05,1063.76,1608.0,1423.01,2395.41,2119.83,30.21,694.6,614.69,42.18,843.54,614.69,74.0,1480.0,1309.73
106c74901e6b4f709eb6229ead46bb2e,装备一事业群,通用产品部,销售二部,华东大区,华东一区,华东一区项目销售二科,2026,6,1825.88,1615.82,2437.63,2157.19,2559.51,2265.05,25.72,1248.54,1104.9,78.03,1560.58,1104.9,40.0,800.0,707.96
11bdb6d6e981413ab4a157ed094216cc,装备一事业群,通用产品部,销售二部,华东大区,华东一区,华东一区项目销售一科,2026,1,293.07,259.35,391.26,346.24,603.48,534.05,5.36,200.4,177.34,12.52,250.48,177.34,10.0,200.0,176.99
1228b98e0e2a4e5683c777ca14ab8bec,装备一事业群,通用产品部,销售一部,华南大区,华南五区,华南五区销售一科,2026,6,576.0,509.73,784.1,693.9,823.6,728.85,11.94,274.59,243.0,16.61,332.21,243.0,19.89,397.82,352.06
1316a8ba37d045b481c7725aa43ea707,装备一事业群,通用产品部,其他部门代卖,海外销售部,,,2026,3,1760.0,1557.52,3795.0,3358.41,2908.9,2574.25,41.69,958.1,847.88,74.80,1496.0,847.88,19.0,380.0,336.28
131baff0438f46d3ae10084d4240a3b5,装备一事业群,通用产品部,销售四部,华北大区②,,华北大区②销售二科,2026,5,523.09,462.91,695.5,615.49,867.08,767.33,11.95,274.81,243.19,21.04,420.81,243.19,26.23,524.62,464.27
13564ed4d4194f06967df0f879a3e254,装备一事业群,通用产品部,销售二部,华东大区,华东二区,华东二区销售一科,2026,4,1257.56,1112.89,1678.9,1485.75,1786.04,1580.56,40.01,859.92,761.0,53.74,1074.84,761.0,60.0,1200.0,1061.95
13cb01e332504799b9b2986a0e87c343,装备一事业群,通用产品部,销售一部,华南大区,华南三区,华南三区销售二科,2026,4,621.0,549.56,845.36,748.11,901.2,797.52,12.87,295.95,261.91,17.90,358.05,261.91,21.25,425.0,376.11
1563030cc67f4e04a6895dedb2841b4f,装备一事业群,通用产品部,销售二部,华东大区,华东三区,华东三区销售一科,2026,3,1732.15,1532.88,2312.5,2046.46,2530.29,2239.2,65.06,1184.45,1048.19,74.02,1480.47,1048.19,102.0,2040.0,1805.31
1652982584894474bcce8f45ae0a0315,装备一事业群,通用产品部,销售一部,华南大区,华南二区,华南二区销售四科,2026,6,1296.0,1146.9,1764.23,1561.27,1852.8,1639.64,26.86,617.68,546.62,37.36,747.29,546.62,35.48,709.63,627.99
16994b1ab2fc4950a992f67e8c7886d9,装备一事业群,通用产品部,销售一部,华南大区,华南四区,华南四区销售二科,2026,4,805.0,712.39,1095.84,969.77,1167.6,1033.27,16.68,383.59,339.46,23.20,464.08,339.46,20.0,400.0,353.98
17b92d7bd16a42968cb27e24a4965080,装备一事业群,通用产品部,销售二部,华东大区,华东一区,华东一区销售一科,2026,6,1385.72,1226.3,1850.0,1637.17,1942.5,1719.03,40.08,947.56,838.55,59.22,1184.38,838.55,60.48,1209.6,1070.44
18686577992e4ea88c637730613fe01f,装备一事业群,通用产品部,销售一部,华南大区,华南四区,华南四区销售二科,2026,6,672.0,594.69,914.79,809.55,961.08,850.51,13.92,320.21,283.38,19.37,387.41,283.38,17.2,344.06,304.48
18c903f41da94785bc1df55f78f881c1,装备一事业群,通用产品部,销售一部,华南大区,华南五区,华南五区销售一科,2026,1,402.0,355.75,547.22,484.26,833.44,737.56,8.33,191.64,169.6,11.59,231.86,169.6,27.75,555.0,491.15
195f6fd2dbdf4738bf3279f76a247351,装备一事业群,通用产品部,销售一部,华南大区,华南二区,华南二区销售一科,2026,6,768.0,679.65,1045.47,925.2,1097.31,971.07,15.91,365.95,323.85,22.14,442.74,323.85,23.65,473.09,418.66
1d6aba5360a14f1fa1caf648e726c264,装备一事业群,通用产品部,销售二部,华东大区,华东一区,华东一区项目销售一科,2026,4,503.02,445.15,671.56,594.3,714.41,632.23,9.20,343.97,304.4,21.50,429.94,304.4,10.0,200.0,176.99
1f49f248e73841b7ab074317078605b5,装备一事业群,通用产品部,销售一部,华南大区,华南三区,华南三区销售二科,2026,5,577.8,511.33,786.55,696.07,825.85,730.84,11.97,275.36,243.69,16.66,333.14,243.69,20.37,407.46,360.58
20e1a0738a1f40c7b0e2c93f49afc0e3,装备一事业群,通用产品部,销售一部,华南大区,华南一区,华南一区销售三科,2026,6,835.2,739.12,1136.95,1006.15,1193.91,1056.56,17.31,398.11,352.31,24.08,481.64,352.31,26.34,526.85,466.24
2195021d0f1e47d48d7002e4ad3fe236,装备一事业群,通用产品部,销售一部,华南大区,华南四区,华南四区销售三科,2026,3,880.0,778.76,1197.91,1060.09,1408.31,1246.29,18.23,419.32,371.08,25.37,507.31,371.08,37.5,750.0,663.72
2209c07d8e6545fd81d5decfeacb31ba,装备一事业群,通用产品部,销售四部,华北大区②,,华北大区②销售一科,2026,5,1046.17,925.82,1391.0,1230.97,1517.4,1342.83,23.90,549.62,486.39,42.08,841.61,486.39,45.9,918.09,812.47
231926a2d9ac4a08afbedf0d7e169591,装备一事业群,通用产品部,销售二部,华东大区,华东二区,华东二区销售三科,2026,4,855.14,756.76,1141.65,1010.31,1214.5,1074.78,28.01,584.75,517.48,36.54,730.89,517.48,42.0,840.0,743.36
2561dff20cca47b5b857fe4641eea848,装备一事业群,通用产品部,销售一部,华南大区,华南三区,华南三区销售三科,2026,4,460.0,407.08,626.19,554.15,667.2,590.44,9.54,219.31,194.08,13.27,265.32,194.08,17.5,350.0,309.73
29348c3d7c56461fa57d35ea39fe22db,装备一事业群,通用产品部,销售四部,华中大区,,华中大区销售三科,2026,1,267.54,236.76,380.0,336.29,467.75,413.94,7.79,178.92,158.34,10.22,204.49,158.34,13.73,260.0,230.09
2ce3a31620194877afb0a17177ca0396,装备一事业群,通用产品部,销售三部,华北大区①,,华北大区①销售二科,2026,2,267.25,236.5,357.5,316.37,362.82,321.08,6.72,154.43,136.66,9.38,187.54,136.66,10.0,200.0,176.99
2d46474bf0a74e66a74cb55a684a4d99,装备一事业群,通用产品部,销售三部,华北大区①,,华北大区①销售一科,2026,4,2063.21,1825.85,2760.0,2442.48,3183.0,2816.81,51.85,1192.23,1055.07,72.39,1447.87,1055.07,79.0,1580.0,1398.23
2e23c81bdeb34870aa6b051bd6d02b2d,装备一事业群,通用产品部,销售二部,华东大区,华东一区,华东一区销售二科,2026,4,1659.98,1469.01,2216.15,1961.19,2357.57,2086.34,44.01,1135.1,1004.51,70.94,1418.79,1004.51,66.0,1320.0,1168.14
2fd65e1c54ef41a4b83789f493a2ff8a,装备一事业群,通用产品部,销售一部,华南大区,华南三区,华南三区销售三科,2026,3,440.0,389.38,598.95,530.05,704.16,623.15,9.12,209.77,185.64,12.69,253.79,185.64,21.0,420.0,371.68
3179e0e7a6224271a841ead2a98105aa,装备一事业群,通用产品部,销售四部,华中大区,,华中大区销售一科,2026,5,963.0,852.21,1316.1,1164.69,1381.91,1222.92,26.11,600.06,531.02,34.24,684.8,531.02,35.95,719.04,636.32
32af36617af945408a9c9ee0a816f544,装备一事业群,通用产品部,销售一部,华南大区,华南五区,华南五区销售一科,2026,2,330.0,292.04,449.24,397.56,528.22,467.45,6.84,157.32,139.22,9.52,190.33,139.22,13.88,277.5,245.58
32f0154aee5b465c9a390abc4bebba1a,装备一事业群,通用产品部,销售四部,东南大区,,东南大区,2026,2,407.0,360.18,550.0,486.73,506.7,448.41,10.78,250.58,221.75,12.65,253.0,221.75,9.0,180.0,159.29
3478dce5982d40c9a6475a6d43099e19,装备一事业群,通用产品部,销售一部,华南大区,华南二区,华南二区销售二科,2026,1,469.0,415.04,638.42,564.97,972.35,860.49,9.72,223.48,197.77,13.52,270.38,197.77,27.0,540.0,477.88
354d8f62bc3641139d646ce22d4a26cd,装备一事业群,通用产品部,销售一部,华南大区,华南二区,华南二区销售四科,2026,3,1485.0,1314.16,2021.47,1788.91,2375.86,2102.53,30.77,707.76,626.33,42.81,856.27,626.33,49.5,990.0,876.11
37a43b15bea346218f1bb421d8553137,装备一事业群,通用产品部,销售二部,华东大区,华东二区,华东二区销售一科,2026,5,1170.08,1035.47,1562.11,1382.39,1640.21,1451.51,37.23,800.1,708.06,50.00,1000.07,708.06,56.18,1123.5,994.25
37bdbf1edf1f4f09bb0c5e3096750117,装备一事业群,通用产品部,销售一部,华南大区,华南四区,华南四区销售一科,2026,1,536.0,474.34,729.62,645.68,1111.26,983.41,11.10,255.41,226.02,15.45,309.0,226.02,33.0,660.0,584.07
37deb58490c4466dba435a86ce7d6888,装备一事业群,通用产品部,销售一部,华南大区,华南四区,华南四区销售三科,2026,6,768.0,679.65,1045.47,925.2,1097.31,971.07,15.91,365.95,323.85,22.14,442.74,323.85,26.88,537.6,475.75
38edc73a0fcd4b91bc74ff56246d88cd,装备一事业群,通用产品部,销售一部,华南大区,华南二区,华南二区销售四科,2026,4,1552.5,1373.89,2113.4,1870.27,2252.4,1993.27,32.17,739.93,654.8,44.76,895.19,654.8,41.25,825.0,730.09
3922800d1f0442a1b05a0df1d2aad83c,装备一事业群,通用产品部,销售四部,华中大区,,华中大区销售二科,2026,6,1123.87,994.57,1596.32,1412.67,1676.14,1483.31,32.71,751.63,665.16,42.95,859.01,665.16,45.1,901.96,798.19
3bd8f299c12844caaf1674745fcce679,装备一事业群,通用产品部,销售三部,华北大区①,,华北大区①销售二科,2026,4,558.79,494.5,747.5,661.5,856.96,758.37,14.04,322.9,285.75,19.61,392.13,285.75,32.0,640.0,566.37
3ca192e4807a491bb956654680dd6547,装备一事业群,通用产品部,销售四部,华中大区,,华中大区销售二科,2026,1,784.36,694.13,1114.1,985.93,1371.36,1213.59,22.83,524.58,464.23,29.98,599.51,464.23,40.27,820.0,725.66
3dfc0f304bcb4bea988c15f8405af508,装备一事业群,通用产品部,销售一部,华南大区,华南一区,华南一区销售二科,2026,2,330.0,292.04,449.21,397.53,528.22,467.45,6.84,157.32,139.22,9.52,190.33,139.22,7.13,142.5,126.11
40251e3fc3c045fbb6dceaa907a714b1,装备一事业群,通用产品部,销售一部,华南大区,华南二区,华南二区销售二科,2026,2,385.0,340.71,524.08,463.78,615.59,544.77,7.98,183.46,162.35,11.10,221.95,162.35,13.5,270.0,238.94
41734e4a3c9a4dd09d2b5ed51fec215a,装备一事业群,通用产品部,销售一部,华南大区,华南三区,华南三区销售二科,2026,3,594.0,525.66,808.59,715.56,950.34,841.01,12.31,283.09,250.52,17.12,342.48,250.52,25.5,510.0,451.33
42ec530804454ca081489d5605f4fba7,装备一事业群,通用产品部,销售一部,华南大区,华南一区,华南一区销售三科,2026,2,478.5,423.45,651.35,576.42,766.51,678.33,9.92,228.08,201.84,13.80,275.94,201.84,18.38,367.5,325.22
42eea2656d2f4946b667176a4bf2de6f,装备一事业群,通用产品部,销售二部,华东大区,华东一区,华东一区项目销售二科,2026,4,2187.25,1935.62,2920.07,2584.14,3106.42,2749.04,30.81,1495.65,1323.58,93.47,1869.45,1323.58,50.0,1000.0,884.96
43c47f695035475bba689b1984f96339,装备一事业群,通用产品部,其他部门代卖,3C销售部,,,2026,5,1284.0,1136.28,3210.0,2840.71,3370.5,2982.74,34.24,788.59,697.87,117.70,2354.0,697.87,123.59,2471.7,2187.35
43f4fd1de8754b078b7114d4c098a9bb,装备一事业群,通用产品部,销售二部,华东大区,华东三区,华东三区销售二科,2026,1,527.52,466.83,704.26,623.24,1086.26,961.29,20.98,360.72,319.22,22.54,450.87,319.22,54.0,1080.0,955.75
44490146ffa640109d22d61d4dabf2c4,装备一事业群,通用产品部,销售一部,华南大区,华南二区,华南二区销售三科,2026,6,960.0,849.56,1306.84,1156.49,1372.26,1214.39,19.89,457.47,404.84,27.67,553.46,404.84,32.26,645.12,570.9
44ee6db289004509b6e1f67c3af63fc8,装备一事业群,通用产品部,销售四部,华中大区,,华中大区销售三科,2026,6,383.33,339.23,544.48,481.84,571.7,505.93,11.16,256.37,226.88,14.65,292.99,226.88,15.38,307.64,272.25
47ddbec43d5d48118e242252f5bb957b,装备一事业群,通用产品部,销售一部,华南大区,华南五区,华南五区销售一科,2026,5,642.0,568.14,873.95,773.41,917.73,812.15,13.31,306.06,270.85,18.51,370.28,270.85,22.17,443.41,392.4
48ce871c0c72433188d6e259b11eb361,装备一事业群,通用产品部,销售一部,华南大区,华南一区,华南一区销售三科,2026,5,930.9,823.81,1267.23,1121.44,1330.15,1177.12,19.29,443.72,392.68,26.84,536.83,392.68,29.36,587.22,519.66
49bda310066b4bf9aa9678efe388ff58,装备一事业群,通用产品部,销售二部,华东大区,华东二区,华东二区销售二科,2026,2,866.08,766.44,1156.25,1023.23,995.97,881.39,34.44,592.23,524.09,37.01,740.24,524.09,36.0,720.0,637.17
49cb47e50bce4dac9eb5c711ccd8feca,装备一事业群,通用产品部,销售二部,华东大区,华东二区,华东二区销售三科,2026,5,795.65,704.12,1062.23,940.03,1115.34,987.03,26.06,544.07,481.48,34.00,680.05,481.48,39.32,786.45,695.97
4a649dd7892741b0947b3a22bf23e651,装备一事业群,通用产品部,销售一部,华南大区,华南五区,华南五区销售二科,2026,1,402.0,355.75,547.22,484.26,833.44,737.56,8.33,191.53,169.5,11.59,231.72,169.5,27.75,555.0,491.15
4a72fb22f28f4216b28614ab27ad36fd,装备一事业群,通用产品部,销售四部,华北大区②,,华北大区②销售三科,2026,1,216.68,191.75,288.1,254.96,440.41,389.74,4.95,113.84,100.74,8.72,174.31,100.74,15.0,300.0,265.49
4b41b39a08974acca7dd08f43c6f5dc3,装备一事业群,通用产品部,销售一部,华南大区,华南二区,华南二区销售三科,2026,1,670.0,592.92,912.03,807.1,1389.07,1229.26,13.88,319.28,282.55,19.31,386.27,282.55,45.0,900.0,796.46
529bbeb237f34dcc95ae83013db81bf7,装备一事业群,通用产品部,销售一部,华南大区,华南一区,华南一区销售二科,2026,1,402.0,355.75,547.22,484.26,833.44,737.56,8.33,191.64,169.6,11.59,231.86,169.6,14.25,285.0,252.21
5351d663e02c4a5ba8230d3356fe3ad8,装备一事业群,通用产品部,销售一部,华南大区,华南一区,华南一区销售三科,2026,3,957.0,846.9,1302.72,1152.85,1531.41,1355.23,19.83,456.16,403.68,27.59,551.88,403.68,36.75,735.0,650.44
5507695ca0884345b684bbcbc38b50b4,装备一事业群,通用产品部,销售二部,华东大区,华东三区,华东三区销售三科,2026,3,769.85,681.28,1027.78,909.54,1124.57,995.2,22.96,526.42,465.86,32.90,657.99,465.86,36.0,720.0,637.17
552e23120b3340fa9194840630628402,装备一事业群,通用产品部,销售二部,华东大区,华东一区,华东一区销售二科,2026,5,1544.5,1366.82,2061.98,1824.76,2165.08,1916.0,40.95,1056.14,934.63,66.00,1320.09,934.63,61.79,1235.85,1093.67
55ab6a4ef6d0400bb4e7e0d005ef1787,装备一事业群,通用产品部,销售四部,华中大区,,华中大区销售三科,2026,3,439.24,388.71,623.88,552.11,698.48,618.12,12.79,293.76,259.96,16.79,335.72,259.96,19.08,300.0,265.49
57fdd7c5a36049139ecb2a4347294b89,装备一事业群,通用产品部,销售三部,华北大区①,,华北大区①销售一科,2026,5,1919.69,1698.84,2568.0,2272.57,2678.77,2370.59,48.24,1109.29,981.67,67.36,1347.15,981.67,70.26,1405.26,1243.59
5844c9086a484c0db309cf20d82cd035,装备一事业群,通用产品部,销售一部,华南大区,华南四区,华南四区销售二科,2026,3,770.0,681.42,1048.17,927.58,1232.27,1090.51,15.95,366.91,324.7,22.20,443.9,324.7,24.0,480.0,424.78
5a6c8d8a6b9f421bb24e6a084fa29c7b,装备一事业群,通用产品部,销售四部,华北大区②,,华北大区②销售一科,2026,6,938.62,830.64,1248.0,1104.42,1361.4,1204.78,21.45,493.12,436.39,37.75,755.09,436.39,41.19,823.71,728.94
5b530bfddf3e4b9693d501a1d8fab3d3,装备一事业群,通用产品部,销售二部,华东大区,华东一区,华东一区销售二科,2026,6,1385.72,1226.3,1850.0,1637.17,1942.5,1719.03,36.74,947.56,838.55,59.22,1184.38,838.55,55.44,1108.8,981.24
5db3e2a5112446a49bd4990d2e123600,装备一事业群,通用产品部,销售四部,华北大区②,,华北大区②销售一科,2026,3,1075.5,951.77,1430.0,1265.49,1558.04,1378.8,24.57,565.03,500.03,43.26,865.21,500.03,45.0,900.0,796.46
5dfbd22f6a754579bf0e59f030c510d6,装备一事业群,通用产品部,销售二部,华东大区,华东二区,华东二区销售一科,2026,2,601.44,532.25,802.95,710.58,691.64,612.07,19.13,411.27,363.95,25.70,514.05,363.95,20.0,400.0,353.98
5fafcbb50d4f484d963c16824119947e,装备一事业群,通用产品部,销售一部,华南大区,华南四区,华南四区销售一科,2026,5,856.0,757.52,1165.26,1031.21,1223.64,1082.87,17.73,407.89,360.96,24.67,493.47,360.96,26.36,527.3,466.63
601ebdd8e3ad455c99603b09ec4a9b17,装备一事业群,通用产品部,销售一部,华南大区,华南三区,华南三区销售三科,2026,1,268.0,237.17,364.81,322.84,555.63,491.71,5.56,127.77,113.07,7.73,154.58,113.07,21.0,420.0,371.68
60d3652f2c4547e3b41220867f215d44,装备一事业群,通用产品部,销售一部,华南大区,华南四区,华南四区销售一科,2026,6,768.0,679.65,1045.47,925.2,1097.31,971.07,15.91,365.95,323.85,22.14,442.74,323.85,23.65,473.09,418.66
62573f791785496bbda8ae67a01a3997,装备一事业群,通用产品部,销售四部,西南大区,,西南大区销售二科,2026,5,1355.33,1199.41,1854.67,1641.3,1947.4,1723.36,38.09,875.62,774.88,39.23,784.67,774.88,41.2,823.9,729.12
6295f8d36f8047eb8114cbd633813630,装备一事业群,通用产品部,销售四部,西南大区,,西南大区销售一科,2026,2,348.33,308.26,476.67,421.83,502.5,444.69,9.79,225.04,199.15,10.08,201.67,199.15,15.0,300.0,265.49
6418c7a173534d9f96bac73255039537,装备一事业群,通用产品部,销售一部,华南大区,华南五区,华南五区销售一科,2026,4,690.0,610.62,939.29,831.23,1000.8,885.66,14.30,328.94,291.1,19.90,397.96,291.1,23.13,462.5,409.29
64ab733a7f754018bae75407a8d81704,装备一事业群,通用产品部,销售二部,华东大区,华东三区,华东三区销售三科,2026,6,671.87,594.57,896.97,793.78,941.82,833.47,20.04,459.42,406.57,28.71,574.24,406.57,30.24,604.8,535.22
655a08b023a84464a7bbca5d3d4291a5,装备一事业群,通用产品部,其他部门代卖,项目销售部,,,2026,5,267.18,236.44,597.06,528.37,626.91,554.79,11.66,267.18,236.44,12.84,256.8,236.44,13.48,269.64,238.62
658c83767d6e47cfa971dda598092eb1,装备一事业群,通用产品部,销售一部,华南大区,华南二区,华南二区销售三科,2026,3,1100.0,973.45,1497.38,1325.12,1760.39,1557.87,22.79,524.19,463.88,31.71,634.18,463.88,45.0,900.0,796.46
65ff9d75083c4c88a7bcd1bb593dc35a,装备一事业群,通用产品部,其他部门代卖,3C销售部,,,2026,3,1320.0,1168.14,3300.0,2920.35,1508.0,1334.51,35.20,810.7,717.43,121.00,2420.0,717.43,27.0,540.0,477.88
660e77787dc84c5baa3389d031f94554,装备一事业群,通用产品部,销售二部,华东大区,华东二区,华东二区销售三科,2026,2,408.98,361.93,546.01,483.19,470.32,416.21,13.39,279.66,247.49,17.48,349.56,247.49,14.0,280.0,247.79
66609481a02f491da09cfd28a27bbbde,装备一事业群,通用产品部,销售二部,华东大区,华东二区,华东二区销售二科,2026,1,1055.04,933.66,1408.52,1246.48,2172.52,1922.58,41.96,721.44,638.44,45.09,901.74,638.44,108.0,2160.0,1911.5
6795f35485c64c49b04995c431a30d17,装备一事业群,通用产品部,销售四部,华中大区,,华中大区销售二科,2026,4,1346.3,1191.41,1912.26,1692.26,2000.58,1770.43,39.19,900.39,796.81,51.45,1029.02,796.81,51.45,1100.0,973.45
685f1570cf5c48b79b82710b7f4a891a,装备一事业群,通用产品部,销售四部,华中大区,,华中大区销售一科,2026,1,603.0,533.63,824.1,729.29,1034.83,915.78,16.35,375.74,332.51,21.44,428.8,332.51,30.0,600.0,530.97
692c4e26c884408b97d9d081b0d4c617,装备一事业群,通用产品部,销售二部,华东大区,华东二区,华东二区销售三科,2026,6,713.86,631.73,953.03,843.39,1000.68,885.56,23.38,488.14,431.98,30.51,610.13,431.98,35.28,705.6,624.42
693b99c79cb44c8193b5c1211be8ccfd,装备一事业群,通用产品部,销售二部,华东大区,华东一区,华东一区销售二科,2026,1,967.12,855.86,1291.15,1142.61,1991.48,1762.37,25.64,661.32,585.24,41.33,826.6,585.24,66.0,1320.0,1168.14
6944349c37e042298f6560f911677701,装备一事业群,通用产品部,销售一部,华南大区,华南二区,华南二区销售二科,2026,4,805.0,712.39,1095.84,969.77,1167.6,1033.27,16.68,383.59,339.46,23.20,464.08,339.46,22.5,450.0,398.23
6993aa9bf24a4c8fa9002210411c83cc,装备一事业群,通用产品部,销售二部,华东大区,华东一区,华东一区项目销售一科,2026,3,481.15,425.8,642.36,568.46,702.86,622.0,8.80,329.01,291.16,20.56,411.24,291.16,10.0,200.0,176.99
6a56255c07c34f7fbc14053728bb0a9d,装备一事业群,通用产品部,销售一部,华南大区,华南五区,华南五区销售二科,2026,3,660.0,584.07,898.43,795.07,1056.23,934.72,13.67,314.46,278.28,19.02,380.44,278.28,27.75,555.0,491.15
6a7a72c92ac64d3d810818a3288c7a84,装备一事业群,通用产品部,其他部门代卖,项目销售部,,,2026,3,274.67,243.07,613.8,543.19,424.78,375.91,11.99,274.67,243.07,13.20,264.0,243.07,2.0,40.0,35.4
6a7ced03cacb406f93392963c1f7cb7c,装备一事业群,通用产品部,销售四部,东南大区,,东南大区,2026,1,495.8,438.76,670.0,592.92,757.98,670.78,13.13,305.25,270.13,15.41,308.2,270.13,18.0,360.0,318.58
6ac81ff1d54840a38f51064a61650203,装备一事业群,通用产品部,销售一部,华南大区,华南二区,华南二区销售四科,2026,5,1444.5,1278.32,1966.38,1740.16,2064.58,1827.06,29.93,688.45,609.25,41.65,832.91,609.25,39.55,790.94,699.95
6b6f50b1cfec4b539da0802da843155b,装备一事业群,通用产品部,销售四部,西南大区,,西南大区销售一科,2026,5,677.67,599.71,927.33,820.65,973.7,861.68,19.05,437.81,387.44,19.62,392.33,387.44,20.6,411.95,364.56
6ceb58fcfd8b48848bb7d90eebb38a00,装备一事业群,通用产品部,销售四部,西南大区,,西南大区销售二科,2026,6,1216.0,1076.11,1664.0,1472.57,1747.2,1546.19,34.18,785.6,695.22,35.20,704.0,695.22,36.96,739.2,654.16
6d0525069a244a8d84bc1c5cb9aff770,装备一事业群,通用产品部,销售一部,华南大区,华南三区,华南三区销售二科,2026,1,361.8,320.18,492.49,435.84,749.41,663.2,7.50,172.42,152.59,10.43,208.6,152.59,25.5,510.0,451.33
6dfe7429e8a3483686c21cb810eae8c7,装备一事业群,通用产品部,销售四部,华中大区,,华中大区销售三科,2026,5,427.26,378.1,606.87,537.05,637.21,563.91,12.44,285.75,252.87,16.33,326.57,252.87,17.14,342.89,303.45
6e211e811f454275aca5040da79cd607,装备一事业群,通用产品部,销售二部,华东大区,华东二区,华东二区销售二科,2026,6,1511.7,1337.79,2018.18,1786.0,2119.09,1875.3,60.12,1033.7,914.78,64.60,1292.05,914.78,90.72,1814.4,1605.66
6fb25aa7d8614f4a8d50a1ce3f454e89,装备一事业群,通用产品部,销售二部,华东大区,华东三区,华东三区销售一科,2026,4,1810.89,1602.56,2417.61,2139.48,2571.89,2276.01,68.01,1238.29,1095.83,77.39,1547.77,1095.83,102.0,2040.0,1805.31
70ccf6a30ab0492b9aa1d22392486ddc,装备一事业群,通用产品部,销售一部,华南大区,华南四区,华南四区销售一科,2026,2,440.0,389.38,598.99,530.08,704.29,623.26,9.12,209.66,185.54,12.68,253.65,185.54,16.5,330.0,292.04
7230474f81cb46eea61447d9b7235040,装备一事业群,通用产品部,销售三部,华北大区①,,华北大区①销售二科,2026,6,466.47,412.8,624.0,552.21,647.06,572.62,11.72,269.55,238.54,16.37,327.34,238.54,16.97,339.44,300.39
725d9fc18bf847858efaaedc82cc23b7,装备一事业群,通用产品部,销售一部,华南大区,华南五区,华南五区销售二科,2026,5,642.0,568.14,873.95,773.41,917.73,812.15,13.30,305.88,270.69,18.50,370.06,270.69,22.17,443.41,392.4
7587c6bc0e3b42e190d3c8e578b96c6e,装备一事业群,通用产品部,销售一部,华南大区,华南二区,华南二区销售三科,2026,5,1070.0,946.9,1456.58,1289.01,1529.55,1353.58,22.17,509.89,451.23,30.84,616.88,451.23,35.95,719.04,636.32
758eb951c67c4f45b3a360f253422fde,装备一事业群,通用产品部,销售一部,华南大区,华南四区,华南四区销售三科,2026,5,856.0,757.52,1165.26,1031.21,1223.64,1082.87,17.73,407.89,360.96,24.67,493.47,360.96,29.96,599.2,530.27
75c89473315d4bbd8fa34f3826389721,装备一事业群,通用产品部,销售二部,华东大区,华东三区,华东三区销售二科,2026,3,866.08,766.44,1156.25,1023.23,1265.15,1119.6,34.44,592.23,524.09,37.01,740.24,524.09,54.0,1080.0,955.75
75fdd27b741b4195abffaf1d6ce61e08,装备一事业群,通用产品部,其他部门代卖,3C销售部,,,2026,4,1380.0,1221.24,3450.0,3053.1,1492.0,1320.35,36.80,847.55,750.04,126.50,2530.0,750.04,24.0,480.0,424.78
76b2646af6fe4e8492d6455141d3a73c,装备一事业群,通用产品部,销售二部,华东大区,华东三区,华东三区销售二科,2026,4,905.44,801.28,1208.81,1069.74,1285.95,1138.01,36.01,619.15,547.92,38.69,773.88,547.92,54.0,1080.0,955.75
79b95eb0986e4f18a49bc55f94b3ad55,装备一事业群,通用产品部,销售一部,华南大区,华南四区,华南四区销售三科,2026,4,920.0,814.16,1252.39,1108.31,1334.4,1180.88,19.06,438.38,387.95,26.52,530.37,387.95,31.25,625.0,553.1
7bf5904aa66d40d0920c2a7660b54052,装备一事业群,通用产品部,销售一部,华南大区,华南四区,华南四区销售二科,2026,2,385.0,340.71,524.12,463.82,615.59,544.77,7.98,183.46,162.35,11.10,221.95,162.35,12.0,240.0,212.39
7d96a089590c4b17ae900f10247bf158,装备一事业群,通用产品部,销售一部,华南大区,华南二区,华南二区销售四科,2026,1,904.5,800.44,1231.24,1089.59,1876.1,1660.27,18.74,431.09,381.49,26.08,521.54,381.49,49.5,990.0,876.11
7e7501d9f4bd4bc98dc50821f51ae88c,装备一事业群,通用产品部,销售二部,华东大区,华东三区,华东三区销售一科,2026,6,1511.7,1337.79,2018.18,1786.0,2119.09,1875.3,56.78,1033.7,914.78,64.60,1292.05,914.78,85.68,1713.6,1516.46
7ec90dc04c6d4a40898b58f93db4d68a,装备一事业群,通用产品部,销售三部,华北大区①,,华北大区①销售一科,2026,3,1973.51,1746.47,2640.0,2336.28,3262.47,2887.14,49.60,1140.39,1009.2,69.25,1384.92,1009.2,85.0,1700.0,1504.42
80089c45bdc442d98a939945a91a209e,装备一事业群,通用产品部,销售二部,华东大区,华东一区,华东一区项目销售一科,2026,5,468.03,414.19,624.84,552.96,656.08,580.61,8.56,320.04,283.22,20.00,400.03,283.22,12.18,243.5,215.49
80578b0fbfde4f19a5ad03db2ddda064,装备一事业群,通用产品部,销售一部,华南大区,华南四区,华南四区销售二科,2026,1,469.0,415.04,638.42,564.97,972.35,860.49,9.72,223.48,197.77,13.52,270.38,197.77,24.0,480.0,424.78
81d8af2f93cc4dcf84ac0a56db4e700d,装备一事业群,通用产品部,销售一部,华南大区,华南三区,华南三区销售三科,2026,2,220.0,194.69,299.5,265.04,352.14,311.63,4.56,104.89,92.82,6.34,126.89,92.82,10.5,210.0,185.84
828c3d245807402d9718fd25a2f1829f,装备一事业群,通用产品部,销售二部,华东大区,华东一区,华东一区销售二科,2026,2,793.9,702.57,1059.9,937.96,912.97,807.94,21.05,542.87,480.42,33.93,678.55,480.42,22.0,440.0,389.38
8320ea0c5c954aae9fe08eee25c87bdb,装备一事业群,通用产品部,销售二部,华东大区,华东一区,华东一区项目销售一科,2026,2,240.58,212.9,321.18,284.23,276.66,244.83,4.40,164.51,145.58,10.28,205.62,145.58,5.0,100.0,88.5
83aa31aa732040638560b45beb87bcfd,装备一事业群,通用产品部,销售四部,西南大区,,西南大区销售二科,2026,2,696.67,616.52,953.33,843.66,1005.0,889.38,19.58,450.08,398.3,20.17,403.33,398.3,15.0,300.0,265.49
83c673d8c2b14ffaa6115ff7c2732bb0,装备一事业群,通用产品部,销售一部,华南大区,华南二区,华南二区销售一科,2026,1,536.0,474.34,729.62,645.68,1111.26,983.41,11.10,255.41,226.02,15.45,309.0,226.02,33.0,660.0,584.07
85641cca49ef4ed49bdbbb14ed0e19f1,装备一事业群,通用产品部,销售二部,华东大区,华东一区,华东一区项目销售一科,2026,6,419.92,371.61,560.61,496.11,588.64,520.92,7.68,287.14,254.11,17.95,358.9,254.11,10.4,208.0,184.07
85d42e5632af4a1aaa93712d65dff9d4,装备一事业群,通用产品部,销售四部,西南大区,,西南大区销售一科,2026,6,608.0,538.05,832.0,736.28,873.6,773.1,17.09,392.8,347.61,17.60,352.0,347.61,18.48,369.6,327.08
8613ee1c16f14212aac7791f65ef5888,装备一事业群,通用产品部,销售一部,华南大区,华南一区,华南一区销售一科,2026,3,693.0,613.27,943.35,834.82,1109.18,981.57,14.36,330.3,292.3,19.98,399.61,292.3,19.5,390.0,345.13
861d04929e274b689b4b223f6bc49e85,装备一事业群,通用产品部,其他部门代卖,海外销售部,,,2026,6,1536.0,1359.29,3312.0,2930.97,3477.6,3077.52,36.38,836.16,739.96,65.28,1305.6,739.96,68.54,1370.88,1213.17
87cb8e27b06345909a2e04d95afa2653,装备一事业群,通用产品部,销售二部,华东大区,华东二区,华东二区销售二科,2026,3,1732.15,1532.88,2312.5,2046.46,2530.29,2239.2,68.88,1184.45,1048.19,74.02,1480.47,1048.19,108.0,2160.0,1911.5
88683b0162ef446ca643a032a611075c,装备一事业群,通用产品部,销售二部,华东大区,华东一区,华东一区项目销售二科,2026,2,1046.08,925.73,1396.56,1235.89,1202.96,1064.57,14.73,715.31,633.02,44.70,894.08,633.02,15.0,300.0,265.49
8a07447cd0934abe852309c516e20587,装备一事业群,通用产品部,销售一部,华南大区,华南四区,华南四区销售一科,2026,3,880.0,778.76,1197.91,1060.09,1408.31,1246.29,18.23,419.32,371.08,25.37,507.31,371.08,33.0,660.0,584.07
8a78c6c4db824bb984fb835da7ec1fe8,装备一事业群,通用产品部,销售四部,华中大区,,华中大区销售一科,2026,6,864.0,764.6,1180.8,1044.96,1239.84,1097.2,23.42,538.37,476.43,30.72,614.4,476.43,32.26,645.12,570.9
8ac7364b96cd46a3b64093ea5078085a,装备一事业群,通用产品部,销售一部,华南大区,华南一区,华南一区销售二科,2026,6,576.0,509.73,784.1,693.9,823.6,728.85,11.94,274.59,243.0,16.61,332.21,243.0,10.21,204.29,180.79
8c76d7b2c42d4e0cb5a01092ca349d64,装备一事业群,通用产品部,销售四部,华北大区②,,华北大区②销售二科,2026,2,268.88,237.94,357.5,316.37,379.97,336.26,6.14,141.26,125.01,10.82,216.3,125.01,9.0,180.0,159.29
8d147155c6d447ee975b0c828c575353,装备一事业群,通用产品部,销售二部,华东大区,华东一区,华东一区销售一科,2026,2,793.9,702.57,1059.9,937.96,912.97,807.94,22.96,542.87,480.42,33.93,678.55,480.42,24.0,480.0,424.78
8d318e6a75f6484ea6555749b407f82b,装备一事业群,通用产品部,销售四部,西南大区,,西南大区销售一科,2026,1,424.33,375.52,580.67,513.86,668.5,591.59,11.93,274.14,242.6,12.28,245.67,242.6,25.0,500.0,442.48
8d820b6ad31846428dddb8ec60540952,装备一事业群,通用产品部,其他部门代卖,海外销售部,,,2026,4,1840.0,1628.32,3967.5,3511.06,2943.85,2605.18,43.59,1001.65,886.42,78.20,1564.0,886.42,15.0,300.0,265.49
8f0ca322c9fe425680bc5af8b2a3bc2a,装备一事业群,通用产品部,销售一部,华南大区,华南三区,华南三区销售二科,2026,2,297.0,262.83,404.32,357.8,475.26,420.59,6.15,141.54,125.26,8.56,171.24,125.26,12.75,255.0,225.66
91d1d7451f1f4c9eaf5f2883997e9c56,装备一事业群,通用产品部,销售四部,西南大区,,西南大区销售二科,2026,3,1393.33,1233.04,1906.67,1687.32,2210.0,1955.75,39.16,900.17,796.61,40.33,806.67,796.61,50.0,1000.0,884.96
928cac50267140e3b1dc6331a29240fc,装备一事业群,通用产品部,销售一部,华南大区,华南一区,华南一区销售二科,2026,4,690.0,610.62,939.29,831.23,1000.8,885.66,14.30,328.94,291.1,19.90,397.96,291.1,11.88,237.5,210.18
934be20f67354d0297ceb56107e99276,装备一事业群,通用产品部,销售一部,华南大区,华南三区,华南三区销售一科,2026,1,475.7,420.97,647.54,573.04,986.07,872.63,9.86,226.71,200.63,13.71,274.28,200.63,28.5,570.0,504.42
93ef3cb414cf4ee2b337a8404cdecd03,装备一事业群,通用产品部,销售一部,华南大区,华南二区,华南二区销售二科,2026,5,749.0,662.83,1019.61,902.31,1070.06,946.96,15.52,356.91,315.85,21.59,431.8,315.85,21.57,431.42,381.79
956e56fbd7794199b5e3fac9cdb82c82,装备一事业群,通用产品部,销售四部,华中大区,,华中大区销售一科,2026,4,1035.0,915.93,1414.5,1251.77,1426.35,1262.26,28.06,644.92,570.73,36.80,736.0,570.73,34.0,680.0,601.77
97a86300811f4ea29d446ad51d2ec397,装备一事业群,通用产品部,销售一部,华南大区,华南四区,华南四区销售三科,2026,2,440.0,389.38,598.99,530.08,704.29,623.26,9.12,209.66,185.54,12.68,253.65,185.54,18.75,375.0,331.86
993b853dbe7a41de936139d4659a0b6f,装备一事业群,通用产品部,销售一部,华南大区,华南一区,华南一区销售一科,2026,1,422.1,373.54,574.58,508.48,874.6,773.98,8.75,201.18,178.04,12.17,243.4,178.04,19.5,390.0,345.13
996e71ddd99146daa43f0aeeebc1a307,装备一事业群,通用产品部,销售四部,东南大区,,东南大区,2026,4,851.0,753.1,1150.0,1017.7,1263.1,1117.79,22.54,523.94,463.66,26.45,529.0,463.66,29.0,580.0,513.27
99aaf4a319b548bca2b68d59a9d0a303,装备一事业群,通用产品部,其他部门代卖,项目销售部,,,2026,2,137.34,121.54,306.9,271.59,212.39,187.96,6.00,137.34,121.54,6.60,132.0,121.54,1.0,20.0,17.7
9f048c04a3c545b79653918a158cb85d,装备一事业群,通用产品部,销售三部,华北大区①,,华北大区①销售二科,2026,5,519.91,460.1,695.5,615.49,721.21,638.24,13.07,300.43,265.87,18.24,364.85,265.87,18.92,378.34,334.81
9f2ce94722704016a6c2a3a30b423311,装备一事业群,通用产品部,销售三部,华北大区①,,华北大区①销售一科,2026,2,986.75,873.23,1320.0,1168.14,1347.6,1192.57,24.80,570.2,504.6,34.62,692.46,504.6,32.0,640.0,566.37
9fcd277baf2345878bbfbab23659ef07,装备一事业群,通用产品部,销售一部,华南大区,华南三区,华南三区销售三科,2026,5,428.0,378.76,582.63,515.6,611.74,541.36,8.87,204.05,180.58,12.34,246.87,180.58,16.78,335.55,296.95
a35a72a834824e539bf47a4c0b5ae09d,装备一事业群,通用产品部,销售二部,华东大区,华东一区,华东一区项目销售二科,2026,1,1274.31,1127.71,1701.26,1505.54,2624.04,2322.16,17.95,871.38,771.13,54.46,1089.16,771.13,50.0,1000.0,884.96
a4a5aa3a2bda47d39da662f96e06a30e,装备一事业群,通用产品部,销售一部,华南大区,华南二区,华南二区销售二科,2026,3,770.0,681.42,1048.17,927.58,1232.27,1090.51,15.95,366.91,324.7,22.20,443.9,324.7,27.0,540.0,477.88
a52182f453f345d6a790a9045f48a556,装备一事业群,通用产品部,销售二部,华东大区,华东三区,华东三区销售三科,2026,1,468.91,414.96,626.01,553.99,965.56,854.48,13.99,320.64,283.75,20.04,400.77,283.75,36.0,720.0,637.17
a5d0abfabdcc4aabb9511ea09b7a1d75,装备一事业群,通用产品部,销售四部,华中大区,,华中大区销售三科,2026,4,459.2,406.37,652.24,577.21,682.37,603.87,13.37,307.11,271.78,17.55,350.98,271.78,17.55,280.0,247.79
a640ab9416634ff78afe98d354d55bf2,装备一事业群,通用产品部,销售二部,华东大区,华东三区,华东三区销售三科,2026,5,748.85,662.7,999.75,884.73,1049.73,928.97,22.34,512.07,453.16,32.00,640.04,453.16,33.71,674.1,596.55
a68de30e115f429b8cf41880826e540e,装备一事业群,通用产品部,销售四部,华北大区②,,华北大区②销售一科,2026,1,655.08,579.72,871.0,770.8,1233.14,1091.27,14.97,344.15,304.56,26.35,526.99,304.56,35.0,700.0,619.47
a75ee182d16a44879690b3cfe23f9d2a,装备一事业群,通用产品部,销售四部,华北大区②,,华北大区②销售三科,2026,3,355.74,314.82,473.0,418.58,556.44,492.43,8.13,186.89,165.39,14.31,286.18,165.39,10.0,200.0,176.99
a78b2dd9c45841199a271e76ae44b0b4,装备一事业群,通用产品部,销售四部,华中大区,,华中大区销售一科,2026,2,495.0,438.05,676.5,598.67,616.95,545.97,13.42,308.44,272.96,17.60,352.0,272.96,13.0,260.0,230.09
a7b020d988e94bb990900c961471e9fa,装备一事业群,通用产品部,销售一部,华南大区,华南一区,华南一区销售一科,2026,4,724.5,641.15,986.25,872.79,1051.2,930.27,15.01,345.31,305.59,20.89,417.77,305.59,16.25,325.0,287.61
a7cd909155a94025bd4c2e7687bbfca1,装备一事业群,通用产品部,销售一部,华南大区,华南二区,华南二区销售三科,2026,4,1150.0,1017.7,1565.48,1385.38,1668.0,1476.11,23.83,548.01,484.97,33.15,663.0,484.97,37.5,750.0,663.72
a7ffd1e01b6a42efad17cf469ffc3acf,装备一事业群,通用产品部,销售一部,华南大区,华南五区,华南五区销售二科,2026,4,690.0,610.62,939.29,831.23,1000.8,885.66,14.29,328.75,290.93,19.89,397.73,290.93,23.13,462.5,409.29
a85701041f6a45c6852686df171baa5d,装备一事业群,通用产品部,销售二部,华东大区,华东一区,华东一区销售二科,2026,3,1587.81,1405.14,2119.79,1875.92,2319.43,2052.6,42.10,1085.75,960.84,67.86,1357.1,960.84,66.0,1320.0,1168.14
ac0915e296764d9987b6827bdd224660,装备一事业群,通用产品部,其他部门代卖,海外销售部,,,2026,2,880.0,778.76,1897.5,1679.2,1444.45,1278.27,20.85,479.05,423.94,37.40,748.0,423.94,9.0,180.0,159.29
ac8e8bee4c0b447dacf9bb129fcf8a54,装备一事业群,通用产品部,销售一部,华南大区,华南一区,华南一区销售三科,2026,1,582.9,515.84,793.46,702.18,1209.0,1069.92,12.08,277.85,245.88,16.81,336.15,245.88,36.75,735.0,650.44
b03ed47401254a47b50650f5326e3d98,装备一事业群,通用产品部,销售四部,东南大区,,东南大区,2026,6,710.4,628.67,960.0,849.56,1008.0,892.04,18.82,437.38,387.06,22.08,441.6,387.06,23.18,463.68,410.34
b0bdf10074e94cbca76ff39e5e494cbc,装备一事业群,通用产品部,销售一部,华南大区,华南四区,华南四区销售一科,2026,4,920.0,814.16,1252.39,1108.31,1334.4,1180.88,19.06,438.38,387.95,26.52,530.37,387.95,27.5,550.0,486.73
b3d55b79934241a7961216a55363edff,装备一事业群,通用产品部,销售一部,华南大区,华南一区,华南一区销售二科,2026,5,642.0,568.14,873.95,773.41,917.73,812.15,13.31,306.06,270.85,18.51,370.28,270.85,11.38,227.7,201.5
b3f1b2e615ae460ba10afc715cbdd2bd,装备一事业群,通用产品部,销售二部,华东大区,华东二区,华东二区销售一科,2026,1,732.67,648.38,978.14,865.61,1508.69,1335.13,23.31,501.0,443.36,31.31,626.21,443.36,60.0,1200.0,1061.95
b46a013f0cc04f64a770524c8bf98aed,装备一事业群,通用产品部,销售二部,华东大区,华东三区,华东三区销售一科,2026,1,1055.04,933.66,1408.52,1246.48,2172.52,1922.58,39.63,721.44,638.44,45.09,901.74,638.44,102.0,2040.0,1805.31
b57a176ac4514fa1b95a4ed60f69c033,装备一事业群,通用产品部,销售三部,华北大区①,,华北大区①销售二科,2026,1,325.55,288.1,435.5,385.4,644.92,570.72,8.18,188.12,166.48,11.42,228.46,166.48,25.0,500.0,442.48
b5c3359149bf401b801ed96d33612225,装备一事业群,通用产品部,销售四部,华中大区,,华中大区销售三科,2026,2,219.62,194.35,311.94,276.06,321.26,284.3,6.39,146.88,129.98,8.39,167.86,129.98,8.14,160.0,141.59
b6b25efbedc243d7a40292214034cb1f,装备一事业群,通用产品部,销售四部,华中大区,,华中大区销售二科,2026,5,1252.64,1108.53,1779.23,1574.54,1868.19,1653.27,36.46,837.75,741.38,47.87,957.43,741.38,50.27,1005.31,889.65
b84b652123e4496f8293d63be5e53a65,装备一事业群,通用产品部,销售四部,西南大区,,西南大区销售一科,2026,3,696.67,616.52,953.33,843.66,1105.0,977.88,19.58,450.08,398.3,20.17,403.33,398.3,25.0,500.0,442.48
ba1e79f30eae45389b2de94d9cbbb072,装备一事业群,通用产品部,销售四部,华北大区②,,华北大区②销售二科,2026,3,537.75,475.89,715.0,632.74,890.31,787.88,12.29,282.52,250.01,21.63,432.61,250.01,33.0,660.0,584.07
bbb99f92aefa43f996a8f125a885b45b,装备一事业群,通用产品部,其他部门代卖,项目销售部,,,2026,1,167.3,148.05,373.86,330.85,274.37,242.8,7.30,167.3,148.05,8.04,160.8,148.05,2.0,40.0,35.4
bede95210d204b44b536b70240259e08,装备一事业群,通用产品部,销售二部,华东大区,华东三区,华东三区销售三科,2026,4,804.84,712.25,1074.49,950.88,1143.06,1011.56,24.01,550.35,487.04,34.39,687.9,487.04,36.0,720.0,637.17
c06d9a46d86142a69247f2a525add003,装备一事业群,通用产品部,销售二部,华东大区,华东二区,华东二区销售一科,2026,3,1202.88,1064.5,1605.9,1421.15,1757.15,1555.0,38.27,822.54,727.91,51.41,1028.11,727.91,60.0,1200.0,1061.95
c0d28d0bd0ac4deda3156bc970556d14,装备一事业群,通用产品部,销售一部,华南大区,华南一区,华南一区销售二科,2026,3,660.0,584.07,898.43,795.07,1056.23,934.72,13.68,314.64,278.44,19.03,380.66,278.44,14.25,285.0,252.21
c35269ce12f546f0b2106d3f381bd4d4,装备一事业群,通用产品部,销售四部,华北大区②,,华北大区②销售三科,2026,2,177.87,157.41,236.5,209.29,237.48,210.16,4.06,93.45,82.7,7.15,143.09,82.7,5.0,100.0,88.5
c3918eae9b8a4569b0db05bd5f9e637a,装备一事业群,通用产品部,销售四部,华北大区②,,华北大区②销售二科,2026,1,327.54,289.86,435.5,385.4,704.65,623.58,7.48,172.08,152.28,13.17,263.5,152.28,31.0,620.0,548.67
c4c68b12f0b84d52a2bc00f9564a26da,装备一事业群,通用产品部,销售四部,华北大区②,,华北大区②销售二科,2026,6,469.31,415.32,624.0,552.21,777.94,688.45,10.72,246.56,218.19,18.88,377.55,218.19,23.53,470.69,416.54
c5218f17f3754f9796106dfbaa026dbd,装备一事业群,通用产品部,销售一部,华南大区,华南一区,华南一区销售一科,2026,2,346.5,306.64,471.67,417.41,554.69,490.88,7.18,165.15,146.15,9.99,199.8,146.15,9.75,195.0,172.57
c743c48a13db486b896b6380ab117b31,装备一事业群,通用产品部,销售四部,华中大区,,华中大区销售二科,2026,2,643.88,569.81,914.56,809.34,941.89,833.53,18.74,430.62,381.08,24.61,492.14,381.08,23.86,480.0,424.78
c9e50624b8404ccd98d43908340cf73a,装备一事业群,通用产品部,销售二部,华东大区,华东三区,华东三区销售二科,2026,6,755.85,668.89,1009.09,893.0,1059.55,937.65,30.06,516.85,457.39,32.30,646.02,457.39,45.36,907.2,802.83
cd36fd510b81427188f9fa46a8eefb66,装备一事业群,通用产品部,销售四部,华北大区②,,华北大区②销售三科,2026,4,371.91,329.13,494.5,437.61,566.92,501.7,8.50,195.39,172.91,14.96,299.19,172.91,10.0,200.0,176.99
ced0eed9f1d843dab6d17be749e2dae0,装备一事业群,通用产品部,销售四部,西南大区,,西南大区销售一科,2026,4,728.33,644.54,996.67,882.01,1265.83,1120.21,20.47,470.54,416.41,21.08,421.67,416.41,25.0,500.0,442.48
cf2cb04f0d4040afa1bfe3ea833a75bb,装备一事业群,通用产品部,销售二部,华东大区,华东三区,华东三区销售二科,2026,2,433.04,383.22,578.12,511.61,497.98,440.69,17.22,296.11,262.05,18.51,370.12,262.05,18.0,360.0,318.58
cf4d1571e00841348dae49c6e94a6e23,装备一事业群,通用产品部,销售二部,华东大区,华东二区,华东二区销售二科,2026,4,1810.89,1602.56,2417.61,2139.48,2571.89,2276.01,72.02,1238.29,1095.83,77.39,1547.77,1095.83,108.0,2160.0,1911.5
cf8b5fd21aaa44c88329cb9932dd1ec0,装备一事业群,通用产品部,销售一部,华南大区,华南一区,华南一区销售一科,2026,5,674.1,596.55,917.65,812.08,963.55,852.7,13.97,321.29,284.33,19.44,388.71,284.33,15.58,311.58,275.74
d181eade16a2430da73bea32c87f78a5,装备一事业群,通用产品部,销售一部,华南大区,华南二区,华南二区销售四科,2026,2,742.5,657.08,1010.72,894.44,1187.49,1050.88,15.39,353.88,313.17,21.41,428.13,313.17,24.75,495.0,438.05
d2830c52b37947cd9c1b8435706cb6ac,装备一事业群,通用产品部,销售二部,华东大区,华东一区,华东一区销售一科,2026,4,1659.98,1469.01,2216.15,1961.19,2357.57,2086.34,48.01,1135.1,1004.51,70.94,1418.79,1004.51,72.0,1440.0,1274.34
d2e2e442fa494cc6af13c90e4bd8a572,装备一事业群,通用产品部,销售二部,华东大区,华东三区,华东三区销售一科,2026,2,866.08,766.44,1156.25,1023.23,995.97,881.39,32.53,592.23,524.09,37.01,740.24,524.09,34.0,680.0,601.77
d4ebc72453a54617bfee2399f70aa319,装备一事业群,通用产品部,销售二部,华东大区,华东一区,华东一区项目销售二科,2026,3,2092.15,1851.46,2793.11,2471.78,3056.17,2704.57,29.47,1430.62,1266.04,89.41,1788.17,1266.04,50.0,1000.0,884.96
d8804af42b8f4eeb97f77b3a26b4a4be,装备一事业群,通用产品部,其他部门代卖,3C销售部,,,2026,6,1152.0,1019.47,2880.0,2548.67,3024.0,2676.11,30.72,707.52,626.12,105.60,2112.0,626.12,110.88,2217.6,1962.48
dab783ee3e5d43de8c41f5a3fa12e600,装备一事业群,通用产品部,其他部门代卖,3C销售部,,,2026,2,660.0,584.07,1650.0,1460.18,764.0,676.11,17.60,405.35,358.72,60.50,1210.0,358.72,14.0,280.0,247.79
db160a24f55e46b58dba0f50ba3b0f61,装备一事业群,通用产品部,销售一部,华南大区,华南三区,华南三区销售一科,2026,2,390.5,345.58,531.61,470.45,624.86,552.97,8.09,186.1,164.69,11.26,225.15,164.69,14.25,285.0,252.21
db6bb875d3df47eb8bba806a3da885da,装备一事业群,通用产品部,销售一部,华南大区,华南一区,华南一区销售一科,2026,6,604.8,535.22,823.31,728.59,864.47,765.02,12.53,288.26,255.1,17.44,348.75,255.1,13.98,279.55,247.39
dd4b782494a341368452b38ee5ff06cd,装备一事业群,通用产品部,销售二部,华东大区,华东二区,华东二区销售一科,2026,6,1049.79,929.02,1401.51,1240.28,1471.59,1302.29,33.40,717.85,635.27,44.86,897.26,635.27,50.4,1008.0,892.04
de3dbbf1cc344eedbdb1be6898bfd194,装备一事业群,通用产品部,销售二部,华东大区,华东一区,华东一区销售一科,2026,5,1544.5,1366.82,2061.98,1824.76,2165.08,1916.0,44.67,1056.14,934.63,66.00,1320.09,934.63,67.41,1348.2,1193.1
e03fb82f6591427ba7af4f12e808699d,装备一事业群,通用产品部,销售一部,华南大区,华南三区,华南三区销售二科,2026,6,518.4,458.76,705.69,624.51,740.62,655.42,10.74,247.06,218.63,14.94,298.9,218.63,18.28,365.57,323.51
e19cfc4cec3a45f092a3cd306e9cd4a2,装备一事业群,通用产品部,销售一部,华南大区,华南五区,华南五区销售二科,2026,6,576.0,509.73,784.1,693.9,822.36,727.76,11.93,274.44,242.86,16.60,332.02,242.86,19.89,397.82,352.06
e21a3a713627441e99fd6ebc42700296,装备一事业群,通用产品部,其他部门代卖,海外销售部,,,2026,1,1072.0,948.67,2311.5,2045.58,1920.33,1699.41,25.39,583.57,516.43,45.56,911.2,516.43,19.0,380.0,336.28
e2753698a1b04f448fb1a4a93e625e97,装备一事业群,通用产品部,销售四部,东南大区,,东南大区,2026,5,791.8,700.71,1070.0,946.9,1123.5,994.25,20.97,487.49,431.41,24.61,492.2,431.41,25.84,516.81,457.35
e2ccfc05b6074d33b91a45b0760194c9,装备一事业群,通用产品部,销售一部,华南大区,华南二区,华南二区销售一科,2026,4,920.0,814.16,1252.39,1108.31,1334.4,1180.88,19.06,438.38,387.95,26.52,530.37,387.95,27.5,550.0,486.73
e3050593265d4246bcb47a334dc15883,装备一事业群,通用产品部,其他部门代卖,海外销售部,,,2026,5,1712.0,1515.04,3691.5,3266.81,3876.08,3430.15,40.55,931.97,824.75,72.76,1455.2,824.75,76.4,1527.96,1352.18
e39252144d7648b08fa85c127da01f62,装备一事业群,通用产品部,销售二部,华东大区,华东三区,华东三区销售二科,2026,5,842.46,745.54,1124.72,995.32,1180.95,1045.09,33.50,576.07,509.8,36.00,720.05,509.8,50.56,1011.15,894.82
e3c0d916eabe4bd8bff527a4f580d305,装备一事业群,通用产品部,销售三部,华北大区①,,华北大区①销售一科,2026,6,1722.33,1524.19,2304.0,2038.94,2403.38,2126.89,43.28,995.25,880.75,60.43,1208.66,880.75,63.04,1260.79,1115.74
e3c677587f624430b0f161f8b86ee1ff,装备一事业群,通用产品部,销售二部,华东大区,华东三区,华东三区销售三科,2026,2,384.92,340.64,513.89,454.77,442.65,391.73,11.48,263.21,232.93,16.45,328.99,232.93,12.0,240.0,212.39
e854b115a49145d59b3976bcee2014d3,装备一事业群,通用产品部,销售四部,西南大区,,西南大区销售二科,2026,4,1456.67,1289.09,1993.33,1764.01,2531.67,2240.41,40.94,941.08,832.82,42.17,843.33,832.82,70.0,1400.0,1238.94
e8b47d94cd3745c9979f15127e9a751c,装备一事业群,通用产品部,销售一部,华南大区,华南二区,华南二区销售一科,2026,5,856.0,757.52,1165.26,1031.21,1223.64,1082.87,17.73,407.89,360.96,24.67,493.47,360.96,26.36,527.3,466.63
e8bf8080360e44a08d5ab85212b248d9,装备一事业群,通用产品部,销售二部,华东大区,华东一区,华东一区项目销售二科,2026,5,2035.09,1800.97,2716.94,2404.37,2852.79,2524.59,28.67,1391.6,1231.51,86.97,1739.4,1231.51,44.0,880.0,778.76
ea12a7ef9b88470a89955876caecb7d4,装备一事业群,通用产品部,销售四部,华北大区②,,华北大区②销售一科,2026,4,1124.39,995.04,1495.0,1323.01,1587.38,1404.76,25.69,590.71,522.76,45.23,904.54,522.76,45.0,900.0,796.46
eae90cb20a4046bd94b45aa438118732,装备一事业群,通用产品部,销售一部,华南大区,华南二区,华南二区销售一科,2026,3,880.0,778.76,1197.91,1060.09,1408.31,1246.29,18.23,419.32,371.08,25.37,507.31,371.08,33.0,660.0,584.07
ec9af590b02946b5be6c94f8fdc0b36c,装备一事业群,通用产品部,销售四部,华北大区②,,华北大区②销售一科,2026,2,537.75,475.89,715.0,632.74,664.95,588.45,12.29,282.52,250.01,21.63,432.61,250.01,19.0,380.0,336.28
ed92b1e943df48e9911cdca6163d6c33,装备一事业群,通用产品部,销售一部,华南大区,华南三区,华南三区销售一科,2026,4,816.5,722.57,1111.49,983.62,1184.4,1048.14,16.92,389.13,344.36,23.54,470.78,344.36,23.75,475.0,420.35
f047115f5ac44298ae27f88c1f0e6794,装备一事业群,通用产品部,销售三部,华北大区①,,华北大区①销售二科,2026,3,534.49,473.0,715.0,632.74,878.36,777.31,13.43,308.86,273.32,18.75,375.08,273.32,35.0,700.0,619.47
f23f28cc158f434b8a70bb1d60f7e69d,装备一事业群,通用产品部,销售二部,华东大区,华东三区,华东三区销售一科,2026,5,1684.91,1491.07,2249.43,1990.65,2361.9,2090.18,63.28,1152.15,1019.6,72.00,1440.1,1019.6,95.5,1909.95,1690.22
f40698ca575f4da3985ecf21d2549730,装备一事业群,通用产品部,销售一部,华南大区,华南二区,华南二区销售三科,2026,2,550.0,486.73,748.68,662.55,880.36,779.08,11.40,262.09,231.94,15.85,317.09,231.94,22.5,450.0,398.23
f4f67e20812049f7b25b5742530c114a,装备一事业群,通用产品部,销售一部,华南大区,华南二区,华南二区销售二科,2026,6,672.0,594.69,914.79,809.55,961.08,850.51,13.92,320.21,283.38,19.37,387.41,283.38,19.35,387.07,342.54
f51747e327c6421fb45813f8444505b1,装备一事业群,通用产品部,销售四部,华北大区②,,华北大区②销售三科,2026,5,346.04,306.23,460.1,407.17,541.93,479.58,7.91,181.8,160.88,13.92,278.38,160.88,16.39,327.89,290.17
f57c05a79bf54ade99ebe14b46bc4087,装备一事业群,通用产品部,销售一部,华南大区,华南二区,华南二区销售一科,2026,2,440.0,389.38,598.94,530.04,704.29,623.26,9.12,209.66,185.54,12.68,253.65,185.54,16.5,330.0,292.04
f61a366afb2e4e9cb8e03ca0e55cea0b,装备一事业群,通用产品部,销售四部,华中大区,,华中大区销售二科,2026,3,1287.76,1139.61,1829.12,1618.69,2047.82,1812.23,37.48,861.24,762.16,49.21,984.28,762.16,55.92,1200.0,1061.95
f92f3301d4a446dabc6f1d07863ad10c,装备一事业群,通用产品部,销售一部,华南大区,华南三区,华南三区销售一科,2026,6,681.6,603.19,927.86,821.11,974.7,862.57,14.12,324.84,287.47,19.65,393.0,287.47,20.43,408.58,361.57
f9325a0e563346a7960333cb3f8ad986,装备一事业群,通用产品部,销售一部,华南大区,华南五区,华南五区销售一科,2026,3,660.0,584.07,898.43,795.07,1056.23,934.72,13.68,314.64,278.44,19.03,380.66,278.44,27.75,555.0,491.15
fa619e254e7748dd9ef2b3c98409626f,装备一事业群,通用产品部,销售一部,华南大区,华南三区,华南三区销售三科,2026,6,384.0,339.82,522.74,462.6,548.66,485.54,7.96,183.07,162.01,11.07,221.49,162.01,15.05,301.06,266.42
fafbbb6b7a374cd0875afd5404cce120,装备一事业群,通用产品部,销售四部,华北大区②,,华北大区②销售三科,2026,6,310.47,274.75,412.8,365.31,486.22,430.28,7.09,163.11,144.34,12.49,249.76,144.34,14.71,294.18,260.34
fb7a324c539f4f28bbcf6cb6b4339a19,装备一事业群,通用产品部,销售二部,华东大区,华东二区,华东二区销售三科,2026,3,817.96,723.86,1092.01,966.38,1194.86,1057.4,26.79,559.32,494.98,34.96,699.11,494.98,42.0,840.0,743.36
fb9b40919cb245b4a574f36c03af5695,装备一事业群,通用产品部,其他部门代卖,3C销售部,,,2026,1,804.0,711.5,2010.0,1778.76,1129.6,999.65,21.44,493.79,436.98,73.70,1474.0,436.98,27.0,540.0,477.88
fbab0fe45ea04757ab07baea8f72c45a,装备一事业群,通用产品部,销售二部,华东大区,华东一区,华东一区销售一科,2026,3,1587.81,1405.14,2119.79,1875.92,2319.43,2052.6,45.92,1085.75,960.84,67.86,1357.1,960.84,72.0,1440.0,1274.34
fbcba585528e4a62921d07fcbb961372,装备一事业群,通用产品部,销售一部,华南大区,华南四区,华南四区销售二科,2026,5,749.0,662.83,1019.61,902.31,1070.06,946.96,15.52,356.91,315.85,21.59,431.8,315.85,19.17,383.49,339.37
fccd39572e334049b3fb423469e7e8a1,装备一事业群,通用产品部,销售一部,华南大区,华南四区,华南四区销售三科,2026,1,536.0,474.34,729.62,645.68,1111.26,983.41,11.10,255.41,226.02,15.45,309.0,226.02,37.5,750.0,663.72
fddea3795abb41f6a58f18a1e56141b7,装备一事业群,通用产品部,销售二部,华东大区,华东二区,华东二区销售二科,2026,5,1684.91,1491.07,2249.43,1990.65,2361.9,2090.18,67.01,1152.15,1019.6,72.00,1440.1,1019.6,101.12,2022.3,1789.65
