ID,SalesCode,SalesName,ForgName,SalesDept,Area,Fdept_add,Fdept,SupervisorName,Province,AffiliationCity,EmploymentStatus,User_role,Sales_Employment_Date
008f89ad483e4bd6a64ba7a8dd1dd97a,C17111,肖之刚,装备一事业群,销售二部,华东大区,华东一区项目销售一科,华东一区项目销售一科,何嘉原,江苏省,苏州市,离职,业务,
00b87df924fd4e2e8d8838eedd6c5eab,C18004,皮蛟龙,装备一事业群,销售二部,华东大区,华东二区销售三科,华东二区销售三科,陈琪,江苏省,南通市,在职,业务,2026-06-26
0202caeab763428ca3ce757807a36caa,C8746,王丹,装备一事业群,销售二部,华东大区,华东三区销售二科,华东三区销售二科,王卫芝,浙江省,温州市,在职,业务,2020-04-14
0287ab1ebd8842949121264e7bcdf1a8,C9079,聂世东,装备一事业群,销售一部,华南大区,华南二区销售三科,华南二区销售三科,张进华,广东省,深圳市,离职,业务,
02b434d206f74bf5a80ef9fa70b02c60,C17166,蔡安玉,装备一事业群,销售二部,华东大区,华东一区项目销售一科,华东一区项目销售一科,何嘉原,江苏省,苏州市,在职,业务,2025-12-26
02dfd4378794448da35ea4fbc891f0b9,C9020,王阵,装备一事业群,销售一部,华南大区,华南二区销售一科,华南二区销售一科,莫帮汉,广东省,深圳市,在职,业务,2015-12-21
02eabce05ecc477ca30710430d837b62,C8737,张相阳,装备一事业群,销售二部,华东大区,华东三区销售一科,华东三区销售一科,刘小晚,浙江省,台州市,在职,业务,2019-12-03
03802ce161764df386621adbfe36c80d,C8917,朱佳明,装备一事业群,销售二部,华东大区,华东二区销售一科,华东二区销售一科,曹勇,江苏省,无锡市,在职,业务,2016-02-24
044f6b74afa84289bf34b0777397d7af,C17066,曾炽文,装备一事业群,销售一部,华南大区,华南一区销售三科,华南一区销售三科,张德竑,广东省,深圳市,离职,业务,
0680af9085234e8398f525676eac3e3c,C8996,邹廷,装备一事业群,销售四部,华中大区,华中大区销售二科,华中销售二科,马琳,湖北省,武汉市,在职,业务,2020-04-01
079092d27b2f44d4a1e742ee227567dc,C17770,白文涛,装备一事业群,销售四部,华北大区②,华北大区②销售三科,华北大区②销售三科,田明明,陕西省,西安市,在职,业务,2026-05-18
088d8168219445d6874ab716d5986d33,C17163,夏清华,装备一事业群,销售一部,华南大区,华南三区销售三科,华南三区销售三科,李军,广东省,东莞市,在职,业务,2025-12-26
08a3ad382c6a4cd6b6484d11460c3784,C17479,张杰（华北）,装备一事业群,销售四部,华北大区②,华北大区②销售一科,华北大区②销售一科,石瑛,山东省,烟台市,离职,业务,
08f720d2cdd54790b33fc6486c8c28c8,C9039,周国华,装备一事业群,销售四部,华中大区,华中大区销售一科,华中销售一科,朱恩幸,湖南省,长沙市,在职,业务,2020-03-21
093a4411239b42fb9c2b0270b47582dc,C9034,于书博,装备一事业群,销售三部,华北大区①,华北大区①销售二科,华北大区①销售二科,李坤,辽宁省,沈阳市,在职,业务,2020-08-03
098f20c56eb74f45877a14e0a92d9461,C9005,章程,装备一事业群,销售四部,东南大区,东南大区,东南大区,张利,福建省,厦门市,在职,业务,2019-05-27
09abae624592498484404eb9a027d51d,C17954,张占永,装备一事业群,销售三部,华北大区①,华北大区①销售一科,华北大区①销售一科四组,张金涛,河北省,邢台市,在职,业务,2026-06-18
0aa7003436984b409936dc9ff00b5434,C9117,金鑫,装备一事业群,销售一部,华南大区,华南五区销售二科,华南五区销售二科,金鑫,广东省,佛山市,在职,业务,2020-11-07
0ad5eb8fd7f141aaa07e035e94848075,C16886,陈雪枫,装备一事业群,销售四部,华北大区②,华北大区②销售一科,华北大区②销售一科,梁吉骁,山东省,济宁市,在职,业务,2025-09-09
0cb53ec19d7d4192a645353ed63c6a31,C10687,王法玮,装备一事业群,销售四部,华北大区②,华北大区②销售一科,华北大区②销售一科,梁吉骁,山东省,临沂市,在职,业务,2021-09-14
0d2681e61f0e4d9e9df342d96985d963,F16717,唐光忠,装备一事业群,销售二部,华东大区,华东一区项目销售一科,华东一区项目销售一科,何嘉原,江苏省,苏州市,在职,业务,2025-12-01
0e76e79db525459597bc4f3fc47121d1,C9052,关丰连,装备一事业群,销售三部,华北大区①,华北大区①销售一科,华北大区①销售一科三组,李坤,河北省,廊坊市,在职,业务,2017-11-30
0e977b15279a4aae99c462117cb913ca,C10798,樊雷青,装备一事业群,销售二部,华东大区,华东三区销售二科,华东三区销售二科,王卫芝,浙江省,温州市,在职,业务,2021-10-22
0f3134d339fc44ae99987a0d8ac98b80,C15293,朱国庆,装备一事业群,销售二部,华东大区,华东三区销售一科,华东三区销售一科,刘小晚,浙江省,台州市,在职,业务,2024-06-19
0f9201eab45c481ca394f129e24a92f6,C11445,蔡伟仙,装备一事业群,销售二部,华东大区,华东三区销售一科,华东三区销售一科,刘小晚,浙江省,台州市,在职,业务,2022-02-18
0fb213c1a2df43c89b3309edc9b1586f,C1077,陆昌,装备一事业群,销售一部,华南大区,华南二区销售三科,华南二区销售三科,张进华,广东省,深圳市,在职,业务,2022-03-01
0fc755e9315c423d94e7fdc2fbf411da,C9075,余道兴,装备一事业群,销售一部,华南大区,华南一区销售二科,华南一区销售二科,方学坚,广东省,东莞市,在职,业务,2019-01-09
1208fa8fc44142c8aef549b3b6973e9b,C12962,王英广,装备一事业群,销售一部,华南大区,华南二区销售三科,华南二区销售三科,张进华,广东省,深圳市,在职,业务,2023-11-21
1241c7be6dfc4a809be42cc5f96b559b,C17356,李伟,装备一事业群,销售四部,华北大区②,华北大区②销售一科,华北大区②销售一科,梁吉骁,山东省,泰安市,在职,业务,2026-03-06
126b080be317423da994308842552d4c,C8623,杨磊,装备一事业群,销售二部,华东大区,华东一区项目销售二科,华东一区项目销售二科,徐卫东,江苏省,昆山市,在职,业务,2010-04-01
129dc18766254020bdc09e29c28eb992,C17962,邵阳,装备一事业群,销售三部,华北大区①,华北大区①销售一科,华北大区①销售一科四组,张金涛,河北省,邢台市,在职,业务,2026-06-18
142190ee8cbc47a8ab3b4ca4e174afa8,C8741,刘浩,装备一事业群,销售二部,华东大区,华东三区销售二科,华东三区销售二科,王卫芝,浙江省,永康市,在职,业务,2020-01-02
14525e34690e4deaae7b26fde3223334,C13335,任家坤,装备一事业群,销售一部,华南大区,华南三区销售三科,华南三区销售三科,李军,广东省,东莞市,在职,业务,2024-03-11
16002ce6c0034d2aaffaed4a9492b635,C17807,周歆,装备一事业群,销售二部,华东大区,华东二区销售二科,华东二区销售二科,韦金洋,江苏省,常州市,在职,业务,2026-05-26
164666b9f98c4054b6840f2658148dd0,C17976,王小琴,装备一事业群,销售一部,华南大区,华南一区销售三科,华南一区销售三科,张德竑,广东省,深圳市,在职,业务,2026-06-23
17238f7f7a7d4765af9ef580a097041d,C17773,李忠可,装备一事业群,销售三部,华北大区①,华北大区①销售一科,华北大区①销售一科二组,李家胜,天津市,天津市,在职,业务,2026-05-18
17cf1af7d7c14632ac483c1363a57e52,C5418,林铃,装备一事业群,销售二部,华东大区,华东二区销售三科,华东二区销售三科,陈琪,江苏省,南通市,在职,业务,2020-12-01
17d7864724c84cb399457580b3db811b,C18585,刘杰,装备一事业群,销售三部,华北大区①,华北大区①销售一科,华北大区①销售一科五组,李玉鹏,河北省,沧州市,在职,业务,2026-08-26
17e7622246bd42e0af375d3a067b39dd,C8725,余才来,装备一事业群,销售二部,华东大区,华东二区销售二科,华东二区销售二科,韦金洋,安徽省,合肥市,在职,业务,2018-10-18
191f81240968406a8db226c571847d1f,C17766,陆长正,装备一事业群,销售四部,华中大区,华中大区销售二科,华中销售二科,马琳,湖北省,武汉市,在职,业务,2026-05-16
19ac84648c9e42cfbddcb427a7f2f9a8,C13042,杨志锋,装备一事业群,销售一部,华南大区,华南三区销售二科,华南三区销售二科,吴忠祥,广东省,东莞市,离职,业务,
1a3d20e879124c9e907b4d3624a4cba4,C8558,丘伟星,装备一事业群,销售一部,华南大区,华南五区销售一科,华南五区,蔡万峰,广东省,中山市,在职,管理领导,2011-04-07
1a6a539d08d24a45a11acc36c2d5e52a,C13310,叶余斌,装备一事业群,销售四部,华中大区,华中大区销售三科,华中销售三科,马琳,江西省,抚州市,在职,业务,2024-03-06
1b02545abf054d60aae9f515329d6b12,C8988,贺美玲,装备一事业群,销售一部,华南大区,华南二区销售二科,华南二区销售二科,莫帮汉,广东省,深圳市,在职,业务,2014-02-21
1bd5a30587884cdda330abd5c344ab3d,C8918,刘富强,装备一事业群,销售二部,华东大区,华东二区销售一科,华东二区销售一科,曹勇,江苏省,无锡市,在职,业务,2014-03-21
1d7c06a6058941b995d2f2199031c266,C13350,刘姝君,装备一事业群,销售一部,华南大区,华南五区销售二科,华南五区销售二科,金鑫,广东省,佛山市,在职,业务,2024-03-12
1d84780fe5cb44a9afbb5f4ccfee1b5c,C17732,李艳虎,装备一事业群,销售四部,华中大区,华中大区销售二科,华中销售二科,马琳,湖北省,武汉市,离职,业务,
1da79e9a27fc4d828ca1ae36adeed81d,C10059,曹培培,装备一事业群,销售二部,华东大区,华东三区销售一科,华东三区销售一科,刘小晚,浙江省,宁波市,在职,业务,2021-05-18
1dc880bde1d144179d647bf3d69d7915,C8773,孔银,装备一事业群,销售二部,华东大区,华东一区销售二科,华东一区销售二科,董有张,江苏省,昆山市,在职,业务,2020-11-17
1de72bf1dca14a9d9d38f1aff119f358,C0215,徐卫东,装备一事业群,销售二部,华东大区,华东大区,华东大区,张利,江苏省,苏州市,在职,管理领导,2005-02-01
208ae067c4574fdbbdaa70a1219fbac7,C18143,田凤娜,装备一事业群,销售四部,华北大区②,华北大区②销售一科,华北大区②销售一科,石瑛,山东省,烟台市,离职,业务,2026-07-10
2096808e576a43a4be2c4703b60449b5,C17990,董浩,装备一事业群,销售二部,华东大区,华东三区销售三科,华东三区销售三科,何昌雷,浙江省,嘉兴市,在职,业务,2026-06-25
2100c1a7c130441da3dfb864fcf8935b,C8748,汪海峰,装备一事业群,销售二部,华东大区,华东一区销售一科,华东一区销售一科,夏立华,江苏省,苏州市,在职,业务,2020-05-19
2145e806e1a540a3b535965e58be78a2,C7945,夏天文,装备一事业群,销售二部,华东大区,华东三区销售一科,华东三区销售一科,刘小晚,浙江省,台州市,在职,业务,2021-05-01
2160e4be816a44f694020ce4284394ef,C9094,夏双勇,装备一事业群,销售一部,华南大区,华南三区销售一科,华南三区销售一科,张明,广东省,东莞市,在职,业务,2020-05-19
21761cbd283449d8a634aa554194e4a1,C17890,王常吉,装备一事业群,销售三部,华北大区①,华北大区①销售一科,华北大区①销售一科二组,李家胜,天津市,天津市,在职,业务,2026-06-06
21d2f8fa4606469e950a3a2ba8addb51,C18158,彭志炜,装备一事业群,销售一部,华南大区,华南二区销售一科,华南二区销售一科,王阵,广东省,深圳市,在职,业务,2026-07-14
22316e79015e4199ac0cf7fc29d93a2d,C8695,董有新,装备一事业群,销售二部,华东大区,华东一区项目销售二科,华东一区项目销售二科,徐卫东,江苏省,苏州市,在职,业务,2013-12-24
2305460c76f9452bb37d7cfa360a4f1d,C18583,庄俭贤,装备一事业群,销售一部,华南大区,华南三区销售二科,华南三区销售二科,吴忠祥,广东省,东莞市,在职,业务,2026-08-26
23c7db3f13b941f5a5df4819be0dab51,C16370,邓镒铨,装备一事业群,销售一部,华南大区,华南五区销售二科,华南五区销售二科,金鑫,广东省,佛山市,在职,业务,2025-02-27
24b822c3cfdd4dd1933e223858e8929e,C12649,伍章亮,装备一事业群,销售四部,东南大区,东南大区,东南大区,章程,广西省,桂林市,在职,业务,2023-03-23
252eb9bda7d04a9f8b35d5dc4fd77355,C8687,冯海波,装备一事业群,销售二部,华东大区,华东二区销售二科,华东二区销售二科,韦金洋,江苏省,常州市,在职,业务,2007-10-27
2543c783bc284edcb5d50a3102e9e593,C17887,刘超超,装备一事业群,销售三部,华北大区①,华北大区①销售一科,华北大区①销售一科四组,张金涛,河北省,邢台市,在职,业务,2026-06-06
25c33db63df843649f876fd909e81f7a,C17346,于昌盛,装备一事业群,销售三部,华北大区①,华北大区①销售一科,华北大区①销售一科三组,关丰连,河北省,廊坊市,在职,业务,2026-03-05
25e0d0679d804f188f236d447d087ad8,C17178,王正禹,装备一事业群,销售四部,西南大区,西南大区销售一科,西南销售一科,李祖桥,四川省,成都市,在职,业务,2025-12-26
26cbf220fe584fe294a435dab4c67536,C11671,谢孝纲,装备一事业群,销售二部,华东大区,华东三区销售三科,华东三区销售三科,何昌雷,浙江省,杭州市,在职,业务,2022-03-07
26f0ced7604c4c62a1900178276a8754,C18559,仵军棋,装备一事业群,销售一部,华南大区,华南一区销售三科,华南一区销售三科,张德竑,广东省,深圳市,在职,业务,2026-08-25
27b9abb3087d4c52a257fc1ca14dace8,C2344,杨鹏程,装备一事业群,销售二部,华东大区,华东一区销售二科,华东一区销售二科,董有张,江苏省,昆山市,在职,业务,2022-10-01
27dd0ce5a95745008e4a2549c5341b08,C9084,张德竑,装备一事业群,销售一部,华南大区,华南一区销售三科,华南一区销售三科,方学坚,广东省,深圳市,在职,业务,2018-04-04
2846f1f8a22c438084344ee77aae50f6,C11890,张开良,装备一事业群,销售四部,华北大区②,华北大区②销售一科,华北大区②销售一科,石瑛,山东省,潍坊市,在职,业务,2022-06-23
291bd0bd7b2e4be9a016dc11786f1592,C8701,张绪麟,装备一事业群,销售二部,华东大区,华东一区销售一科,华东一区销售一科,夏立华,江苏省,苏州市,在职,业务,2016-10-17
2958e0ec301f4628861564c558488948,C18299,黄景俊,装备一事业群,销售一部,华南大区,华南四区销售三科,华南四区销售三科,莫毅敏,广东省,东莞市,在职,业务,2026-08-03
2986b7d3fc4e4ad993f897a8248414b9,C9037,田明明,装备一事业群,销售四部,华北大区②,华北大区②销售三科,华北大区②销售三科,张利,陕西省,西安市,在职,业务,2020-06-01
29a4416553e244a6a0fde946716b84b8,C17615,何志全,装备一事业群,销售二部,华东大区,华东三区销售二科,华东三区销售二科,王卫芝,浙江省,温州市,在职,业务,2026-04-14
29e08d1d70554d7f9f2d4e7ea3920560,C17173,张超,装备一事业群,销售三部,华北大区①,华北大区①销售二科,华北大区①销售二科,李坤,辽宁省,沈阳市,在职,业务,2025-12-26
2a618a15d0394788bf289501e6539012,C8752,王殿臣,装备一事业群,销售二部,华东大区,华东三区销售三科,华东三区销售三科,何昌雷,浙江省,嘉兴市,在职,业务,2020-06-15
2aea739431264a0dbe387d8f86c77576,C8720,周海龙,装备一事业群,销售二部,华东大区,华东二区销售三科,华东二区销售三科,陈琪,江苏省,盐城市,在职,业务,2018-06-26
2b16038885474dea9988f3e6263d4a64,C8724,夏明,装备一事业群,销售二部,华东大区,华东一区销售一科,华东一区销售一科,夏立华,江苏省,苏州市,在职,业务,2018-10-15
2b3f3f7adf0e42a3bd49d065611b2093,C11115,周吉梅,装备一事业群,销售四部,西南大区,西南大区销售二科,西南销售二科,吴丽平,重庆市,重庆市,在职,业务,2022-01-17
2ec15fb464f349f693d0cc20d23c80a0,C17177,符鹏,装备一事业群,销售四部,华北大区②,华北大区②销售三科,华北大区②销售三科,田明明,陕西省,宝鸡市,在职,业务,2025-12-26
2f32c36beb9544d894d3ffefc3ad3bf8,C8973,温德福,装备一事业群,销售四部,华中大区,华中大区销售三科,华中销售三科,马琳,江西省,九江市,在职,业务,2020-04-15
2fad15cbe0ca4be988653cbf34b61a96,C17485,唐梓高,装备一事业群,销售二部,华东大区,华东二区销售一科,华东二区销售一科,曹勇,江苏省,无锡市,在职,业务,2026-03-24
31303c8655a14a1abbb6e49bdc650e7c,C8753,杨铭,装备一事业群,销售二部,华东大区,华东二区销售二科,华东二区销售二科,韦金洋,江苏省,常州市,在职,业务,2020-06-22
3274002892ed4a1d9fc54746ed9086dc,C17528,郑金金,装备一事业群,销售一部,华南大区,华南三区销售三科,华南三区销售三科,李军,广东省,深圳市,在职,业务,2026-04-02
335d512e45494adcae36bcdb38c7c86c,C8991,吴忠祥,装备一事业群,销售一部,华南大区,华南三区销售二科,华南三区销售二科,李军,广东省,东莞市,在职,业务,2012-03-22
33f5dfa2a05049eeb6b00b4c0a9629c8,C16380,晋云龙,装备一事业群,销售四部,华中大区,华中大区销售二科,华中销售二科,马琳,湖北省,武汉市,在职,业务,2025-03-04
3451bd17430a466285594a0b80a0a0a3,C8774,黄英,装备一事业群,销售二部,华东大区,华东一区销售一科,华东一区销售一科,夏立华,江苏省,苏州市,在职,业务,2020-11-18
3524037907f347f0a4e2156954026b46,C2290,梁德雄,装备一事业群,销售一部,华南大区,华南一区销售三科,华南一区销售三科,张德竑,广东省,深圳市,在职,业务,2021-09-01
35d85c6f50144029b96c471c399a6829,C17888,马坤,装备一事业群,销售四部,西南大区,西南大区销售一科,西南销售一科,李祖桥,四川省,成都市,在职,业务,2026-06-06
365dbdaa3a634bf4b9223e6b64adfc32,C9669,邓志梅,装备一事业群,销售一部,华南大区,华南四区销售一科,华南四区销售一科,杨基,广东省,深圳市,在职,业务,2021-11-22
36eec6345cfa4f81ad5f667f161edfe2,C8742,宋广全,装备一事业群,销售二部,华东大区,华东一区销售一科,华东一区销售一科,夏立华,江苏省,苏州市,在职,业务,2020-01-03
3702c7562be14acb80669b352442f032,C18254,娄卓,装备一事业群,销售四部,华北大区②,华北大区②销售二科,华北大区②销售二科,胡封玺,河南省,郑州市,在职,业务,2026-07-21
3794e6306cd14ae9bf6f42f67083a3d8,C9114,陈国梁,装备一事业群,销售一部,华南大区,华南四区销售二科,华南四区销售二科,王敏,广东省,东莞市,在职,业务,2016-05-04
379dc1084291452b90cbf140fa5797f1,C17167,邹桦之,装备一事业群,销售一部,华南大区,华南三区销售三科,华南三区销售三科,李军,广东省,东莞市,在职,业务,2025-12-26
38ae468248d34f3fac2aab4a5dca7592,C8983,李玉鹏,装备一事业群,销售三部,华北大区①,华北大区①销售一科,华北大区①销售一科五组,李坤,河北省,沧州市,在职,业务,2017-02-10
39075e5c146049edb45fec65c562d7e9,C17259,乔灼,装备一事业群,销售三部,华北大区①,华北大区①销售一科,华北大区①销售一科四组,张金涛,河北省,邢台市,在职,业务,2026-01-20
3aafd6e847304c27b0ff0a4a09ef68d1,C17819,王强,装备一事业群,销售四部,华中大区,华中大区销售二科,华中销售二科,马琳,湖北省,武汉市,在职,业务,2026-05-27
3b9746dbbfec47848d7ba902ddb39106,C18297,于苓苓,装备一事业群,销售三部,华东大区,华东三区销售一科,华东三区销售一科,刘小晚,浙江省,台州市,离职,业务,
3c58b8efc1e448c7b9e08855cda72ccc,C8948,陈敏,装备一事业群,销售一部,华南大区,华南五区销售一科,华南五区销售一科,华亮,广东省,中山市,在职,业务,2021-03-03
3cd43b53dd7e4e4f9c997363f609a9ea,C2051,蔡梁,装备一事业群,销售一部,华南大区,华南四区销售一科,华南四区销售一科,杨基,广东省,深圳市,在职,业务,2022-01-01
3de93ab7d0fe41d4bddde5bbfd618c0e,C16463,张青,装备一事业群,销售二部,华东大区,华东二区销售二科,华东二区销售二科,韦金洋,安徽省,芜湖市,在职,业务,2025-04-11
3f2b5152390d40ed8784966ea469ef97,C17614,林佳娜,装备一事业群,销售一部,华南大区,华南二区销售二科,华南二区销售二科,贺美玲,广东省,深圳市,在职,业务,2026-04-14
3f4da383f81b4d55a2b13edaf6a35ffc,C8922,李杰,装备一事业群,销售二部,华东大区,华东二区销售一科,华东二区销售一科,曹勇,江苏省,无锡市,在职,业务,2018-06-01
3f6438546e1d41218073cb8c69807a2a,C9053,张金涛,装备一事业群,销售三部,华北大区①,华北大区①销售一科,华北大区①销售一科四组,李坤,河北省,石家庄市,在职,业务,2016-07-01
4038adb31c51488f97aeefab2b6db99d,C8992,穆远甫,装备一事业群,销售一部,华南大区,华南二区销售一科,华南二区销售一科,王阵,广东省,深圳市,在职,业务,2016-03-23
40e37c0d71c7440e8d22bf4876bd032f,C17170,袁定,装备一事业群,销售二部,华东大区,华东三区销售三科,华东三区销售三科,何昌雷,浙江省,湖州市,在职,业务,2025-12-26
410ac55d28bf4d95bcfa1c6d7cddb077,C17472,伊继彬,装备一事业群,销售四部,华北大区②,华北大区②销售一科,华北大区②销售一科,梁吉骁,山东省,淄博市,在职,业务,2026-03-24
4136df7c111f4d1ea1b01b6a973a885e,C8722,吴峰,装备一事业群,销售二部,华东大区,华东二区销售三科,华东二区销售三科,陈琪,江苏省,南通市,在职,业务,2018-08-28
4156a82ac02245bf9717b1c4f53f51c5,C8556,李坤,装备一事业群,销售三部,华北大区,华北大区①,华北大区,张利,天津市,天津市,在职,管理领导,2017-08-25
4209eb33c91545329d7248be70c5ad24,C17124,刘力壮,集团营销中心,销售四部,华北大区②,华北大区②销售一科,华北大区②销售一科,张利,山东省,潍坊市,在职,管理领导,2025-12-18
42e99b54bc99480baab08c7105ca51eb,C9104,吴丽平,装备一事业群,销售四部,西南大区,西南大区销售二科,西南销售二科,张帅,重庆市,重庆市,在职,业务,2016-03-01
4323b3657b3a4886bed58ce1164d081b,C16155,李金玲,装备一事业群,销售一部,华南大区,华南三区销售二科,华南三区销售二科,吴忠祥,广东省,东莞市,在职,业务,2024-12-16
440d330e66a64a16af38d827f34bf690,F17563,刘宇星,装备一事业群,销售一部,华南大区,华南五区销售一科,华南五区销售一科,华亮,广东省,中山市,在职,业务,2026-04-03
442a2d12256c4eb7b2b0e11d6d27dd25,C8994,张明,装备一事业群,销售一部,华南大区,华南三区销售一科,华南三区销售一科,李军,广东省,东莞市,在职,业务,2016-09-09
4435b8a0d0c349c78d1c666819932969,C8730,王晓军,装备一事业群,销售二部,华东大区,华东三区销售一科,华东三区销售一科,刘小晚,江苏省,苏州市,在职,业务,2019-02-21
4578fa2f40e54542bdae0a0b3b476f4b,C17176,张哲,装备一事业群,销售四部,华北大区②,华北大区②销售三科,华北大区②销售三科,田明明,陕西省,西安市,在职,业务,2025-12-26
46d4d5ed69624928b62b85e897e2806d,C17092,钟发,装备一事业群,销售一部,华南大区,华南一区销售一科,华南一区销售一科,何雪辉,广东省,惠州市,离职,业务,
47b495649e2342ae9bbc63e81fcfdb9d,C15300,陆鹤,装备一事业群,销售二部,华东大区,华东二区销售一科,华东二区销售一科,曹勇,江苏省,无锡市,在职,业务,2024-06-24
4805f3810a9a419c8e6d96961163263d,C17756,苏圣,装备一事业群,销售一部,华南大区,华南一区销售一科,华南一区销售一科,何雪辉,广东省,惠州市,在职,业务,2026-05-15
4825af6191974b12b0020bf94825d927,C17886,王浩杰,装备一事业群,销售四部,华北大区②,华北大区②销售二科,华北大区②销售二科,胡封玺,河南省,郑州市,在职,业务,2026-06-06
4899f3b3fd6f4d65b877bfc72b2c0317,C17159,刘玮,装备一事业群,销售一部,华南大区,华南五区销售二科,华南五区销售二科,金鑫,广东省,佛山市,在职,业务,2025-12-26
48bb258b6f1e47ebb92c32bec27caf61,C10657,张建忠,装备一事业群,销售四部,东南大区,东南大区,东南大区,章程,广西省,柳州市,在职,业务,2021-09-08
49536b71d34d45aba4559f0f99487c74,C8943,陈鼎新,装备一事业群,销售四部,东南大区,东南大区,东南大区,章程,贵州省,贵阳市,在职,业务,2021-01-25
49653fdab12f4f6aaf4210aaecee4395,C17416,刘乐,装备一事业群,销售四部,华中大区,华中大区销售二科,华中销售二科,马琳,湖北省,武汉市,在职,业务,2026-03-12
49a69da4c8954edb9847f1ff277bf4a8,C12262,周科,装备一事业群,销售一部,华南大区,华南三区销售二科,华南三区销售二科,吴忠祥,广东省,东莞市,在职,业务,2022-10-01
4a9d85845c28458cad24b431ca95be64,C8729,赵登金,装备一事业群,销售二部,华东大区,华东二区销售三科,华东二区销售三科,陈琪,江苏省,扬州市,在职,业务,2019-02-12
4b3e6eec7d0d4633becd06e78110600b,C16366,张胜锋,装备一事业群,销售二部,华东大区,华东一区项目销售一科,华东一区项目销售一科,何嘉原,江苏省,苏州市,在职,业务,2025-02-27
4b9bd1c742bc4c7696ff6aae695f21b7,C9042,潘佛有,装备一事业群,销售一部,华南大区,华南一区销售三科,华南一区销售三科,张德竑,广东省,深圳市,在职,业务,2019-12-09
4c096bed7b334ac891525ab4925e6922,C9044,杜美峰,装备一事业群,销售一部,华南大区,华南一区销售二科,华南一区销售二科,余道兴,广东省,东莞市,在职,业务,2019-11-16
4c21b2e8731a44a28725e14b876ad196,C12990,王洁,装备一事业群,销售一部,华南大区,华南三区销售三科,华南三区销售三科,李军,广东省,东莞市,在职,业务,2023-12-01
4c8243e08786444aa0e6467421df05a0,C12967,阳辉,装备一事业群,销售四部,西南大区,西南大区销售二科,西南销售二科,吴丽平,重庆市,重庆市,在职,业务,2023-11-22
4d70a8ed006f47efbf13c0539ea88cd6,C8760,田震,装备一事业群,销售二部,华东大区,华东一区销售一科,华东一区销售一科,夏立华,江苏省,苏州市,在职,业务,2020-09-18
4d7677cd1b884acfb3d684bee8700df0,C16375,李学斌,装备一事业群,销售四部,西南大区,西南大区销售二科,西南销售二科,吴丽平,重庆市,重庆市,在职,业务,2025-03-04
4e6ce0f58bc1494f82d0752df29d2c5d,C18000,严君,装备一事业群,销售二部,华东大区,华东二区销售三科,华东二区销售三科,陈琪,江苏省,南通市,在职,业务,2026-06-26
4e8650aeeb8a46cebddf3eafb0b48719,C8733,刘赞伟,装备一事业群,销售二部,华东大区,华东二区销售二科,华东二区销售二科,韦金洋,江苏省,常州市,在职,业务,2019-03-28
4ecec2ca884242d183495defa653c830,C9134,徐健,装备一事业群,销售一部,华南大区,华南二区销售一科,华南二区销售一科,王阵,广东省,深圳市,在职,业务,2019-03-12
4ed532bb5cda4ed4be0afe1270cbb39d,C9131,刘伟,装备一事业群,销售四部,华北大区②,华北大区②销售二科,华北大区②销售二科,胡封玺,河南省,洛阳市,在职,业务,2017-11-17
4f0e5ffbb82444cf9a29f1795d6887f4,C17856,郑磊,装备一事业群,销售四部,华北大区②,华北大区②销售三科,华北大区②销售三科,田明明,陕西省,西安市,在职,业务,2026-06-03
4fc051c961d84bbab61863e64781e62c,C10967,刘瑶,装备一事业群,销售一部,华南大区,华南一区销售三科,华南一区销售三科,张德竑,广东省,深圳市,在职,业务,2021-12-13
500e40dba88445ed9f53f33121099aef,C8707,袁金龙,装备一事业群,销售二部,华东大区,华东二区销售二科,华东二区销售二科,韦金洋,安徽省,合肥市,在职,业务,2017-06-10
508703fb684545d6a867ed46ec130f00,C17169,高飞,装备一事业群,销售四部,西南大区,西南大区销售一科,西南销售一科,李祖桥,四川省,南充市,离职,业务,
50eb58ed90d54abd9351e9030761c0be,C9071,刘为晖,装备一事业群,销售一部,华南大区,华南一区销售三科,华南一区销售三科,张德竑,广东省,深圳市,在职,业务,2016-05-11
52cac4a348164c728a3d4f56c9a9d31c,C10702,邸兆伟,装备一事业群,销售二部,华东大区,华东二区销售二科,华东二区销售二科,韦金洋,江苏省,常州市,在职,业务,2026-07-01
530ac23e48a94f0a9bbb4a42983032e2,C9013,郑健,装备一事业群,销售一部,华南大区,华南四区销售三科,华南四区销售三科,莫毅敏,广东省,东莞市,在职,业务,2016-04-20
550aafa7d8e1450aa95214c7d54f98bb,C17916,宿岩松,装备一事业群,销售三部,华北大区①,华北大区①销售二科,华北大区①销售二科,李坤,黑龙江省,哈尔滨市,离职,业务,
555d2af08b8148cda697c928b0ee3299,C12085,梁洪荣,装备一事业群,销售一部,华南大区,华南五区销售二科,华南五区销售二科,金鑫,广东省,佛山市,在职,业务,2022-08-20
55f3f5c7188047b684edfb3cf9bda781,C9018,余俊庭,装备一事业群,销售一部,华南大区,华南五区销售二科,华南五区销售二科,金鑫,广东省,江门市,在职,业务,2017-08-03
568182dd489f41ebbfa8a83b5d86f806,C17875,谢盛芦,装备一事业群,销售四部,华中大区,华中大区销售三科,华中销售三科,马琳,江西省,江西市,在职,业务,2026-06-05
56821d5e86974a2687b45b92c67b8bb3,C9496,赵明燕,装备一事业群,销售一部,华南大区,华南三区销售二科,华南三区销售二科,吴忠祥,广东省,东莞市,在职,业务,2021-03-04
5709994d90294e20866b3fbaaaf4a816,C9022,王自有,装备一事业群,销售一部,华南大区,华南一区销售三科,华南一区销售三科,张德竑,广东省,深圳市,在职,业务,2019-03-01
5761077006a5442eac9cdb70a7e449f7,C10483,方超峰,装备一事业群,销售一部,华南大区,华南一区销售一科,华南一区销售一科,何雪辉,广东省,惠州市,在职,业务,2021-07-13
57b62664b4d249eca4bf9f2bcc2556c4,C10061,刘俊锋,装备一事业群,销售一部,华南大区,华南二区销售三科,华南二区销售三科,张进华,广东省,深圳市,在职,业务,2021-05-18
58a5f8ff3e344291ac347cd58819a38b,C17282,刘锐,装备一事业群,销售四部,华北大区②,华北大区②销售一科,华北大区②销售一科,石瑛,山东省,日照市,在职,业务,2026-02-01
58adea5de7e0469991b28a0227151443,C9129,马琳,装备一事业群,销售四部,华中大区,华中大区销售二科,华中销售二科,叶良红,湖北省,武汉市,在职,业务,2018-03-29
59994b90929b4aa6a55116e9ecfe3fce,C13504,龚雅慧,装备一事业群,销售二部,华东大区,华东二区销售二科,华东二区销售二科,韦金洋,安徽省,合肥市,在职,业务,2024-04-10
5a28f0c6a81941cfbb2838d2b980a4ec,C17164,陈浩,装备一事业群,销售四部,西南大区,西南大区销售二科,西南销售二科,吴丽平,重庆市,重庆市,在职,业务,2025-12-26
5a7ee8c0ace74c8b8cd2cf2702fb9a4c,C9004,朱恩幸,装备一事业群,销售四部,华中大区,华中大区销售一科,华中销售一科,叶良红,湖南省,长沙市,在职,业务,2014-02-27
5ac76dc469264bcd94f91a789c257d60,C11030,李丽华,装备一事业群,销售一部,华南大区,华南二区销售四科,华南二区销售四科,蔡政,广东省,深圳市,在职,业务,2021-12-28
5c717a1795414c2d842737dbd8ae2e9d,C18304,赵柏,装备一事业群,销售二部,华东大区,华东二区销售二科,华东二区销售二科,韦金洋,安徽省,合肥市,在职,业务,2026-08-03
5d0a8c220d8943b08b8989c50214ed7d,C18615,邹浴锋,装备一事业群,销售一部,华南大区,华南三区销售一科,华南三区销售一科,张明,广东省,东莞市,在职,业务,2026-09-01
5d3735f8280f4c8a8b593bbb2ae215ad,C9107,王章涛,装备一事业群,销售一部,华南大区,华南四区销售一科,华南四区销售一科,杨基,广东省,深圳市,在职,业务,2018-03-27
5de2f5d7cae544c9b391bda379b60483,C17706,甘政毅,装备一事业群,销售四部,华中大区,华中大区销售三科,华中销售三科,马琳,江西省,江西市,在职,业务,2026-05-08
5e8a5861fcfb4fa5aaf32968184d0d49,C17288,刘永建,装备一事业群,销售三部,华北大区①,华北大区①销售一科,华北大区①销售一科五组,李玉鹏,河北省,沧州市,在职,业务,2026-02-05
5e98225828e04958a7e0601ce120aece,C9964,王雷,装备一事业群,销售一部,华南大区,华南二区销售一科,华南二区销售一科,王阵,广东省,深圳市,在职,业务,2021-04-16
5f6da01ca0f8487a8513d6ac2b06b29a,C16202,陈凯,装备一事业群,销售一部,华南大区,华南四区销售三科,华南四区销售三科,莫毅敏,广东省,东莞市,在职,业务,2025-01-03
5f7c8d2a3bfe477e8f4222b2fb36b5c3,C8712,邵辉,装备一事业群,销售二部,华东大区,华东一区项目销售二科,华东一区项目销售二科,徐卫东,浙江省,永康市,在职,业务,2018-01-05
6003d6e21a1742a49b2c4a0b8c4846ba,C9074,王兴友,装备一事业群,销售一部,华南大区,华南二区销售三科,华南二区销售三科,张进华,广东省,深圳市,在职,业务,2013-09-25
6080c40624124a948a9d170e7c35ddb5,C9088,刘勇,装备一事业群,销售一部,华南大区,华南四区销售三科,华南四区销售三科,莫毅敏,广东省,东莞市,在职,业务,2020-10-27
6093dae1583346f5ac7c39cc78dfe74a,C8694,刘小晚,装备一事业群,销售二部,华东大区,华东三区销售一科,华东三区销售一科,吕怀山,浙江省,宁波市,在职,业务,2013-11-04
621fbc5eac454bd4b56101abad73d096,C17138,陈胜,装备一事业群,销售一部,华南大区,华南三区销售一科,华南三区销售一科,张明,广东省,东莞市,在职,业务,2025-12-23
62baec96ee8041908c1a170b2dc4e8d0,C11466,唐傲,装备一事业群,销售二部,华东大区,华东二区销售一科,华东二区销售一科,曹勇,江苏省,无锡市,离职,业务,
632bc65ab5064c06b9333ed460cbe225,C17247,罗少波,装备一事业群,销售二部,华东大区,华东三区销售一科,华东三区销售一科,刘小晚,浙江省,宁波市,在职,业务,2026-01-20
635bf2aad96645d484642ea9c3418046,C0158,陈重儒,装备一事业群,销售一部,华南大区,华南二区销售四科,华南二区销售四科,蔡政,广东省,深圳市,在职,业务,2021-01-15
64e8c0440c5846f8828d31d90a390295,C17222,马凯文,装备一事业群,销售二部,华东大区,华东二区销售三科,华东二区销售三科,陈琪,江苏省,扬州市,离职,业务,
653ed42a5b7d45daa8288659dda032a4,C8880,徐雷,装备一事业群,销售四部,华中大区,华中大区销售二科,华中销售二科,马琳,湖北省,襄阳市,在职,业务,2020-09-01
663d82141bb341b3a3063ce01304e827,C8562,赵国斌,装备一事业群,销售一部,华南大区,华南四区销售三科,华南四区销售三科,廖勇,广东省,东莞市,在职,业务,2016-10-31
67d1eb0761274eb0aebe490d559bd827,C17876,陈芳芳,装备一事业群,销售一部,华南大区,华南三区销售三科,华南三区销售三科,李军,广东省,东莞市,在职,业务,2026-06-05
68496695660c418d9e9ada92933a5400,C17179,周凯,装备一事业群,销售二部,华东大区,华东二区销售三科,华东二区销售三科,陈琪,江苏省,扬州市,在职,业务,2025-12-27
686568d6c1014f6387408ffd444e3be2,C17625,郑笺,装备一事业群,销售一部,华南大区,华南二区销售一科,华南二区销售一科,王阵,广东省,深圳市,在职,业务,2026-04-15
69bd970e1226406180bffdb5ed2e99fc,C0352,姚广生,装备一事业群,销售一部,华南大区,华南二区销售一科,华南二区销售一科,王阵,广东省,深圳市,在职,业务,2022-09-01
69c1ff953d994ec284ad421fc2089340,F17105,周潇宇,装备一事业群,销售一部,华南大区,华南一区销售二科,华南一区销售二科,余道兴,广东省,东莞市,在职,业务,2025-12-16
69db1ce971174a1cac8997a6c9e07043,C17527,杨钢,装备一事业群,销售三部,华北大区①,华北大区①销售一科,华北大区①销售一科二组,李家胜,天津市,天津市,在职,业务,2026-04-02
69ec951c4af34220af92784114ec4428,C18001,吴杰,装备一事业群,销售四部,华北大区②,华北大区②销售一科,华北大区②销售一科,石瑛,山东省,烟台市,离职,业务,2026-06-26
6b834fc5d3e84ae0bf4afa46f7d411c3,C17475,韩兴兴,装备一事业群,销售二部,华东大区,华东三区销售一科,华东三区销售一科,刘小晚,浙江省,台州市,在职,业务,2026-03-24
6c1ea1532a81475bbab4e0370f2e55a7,C18174,李新龙,装备一事业群,销售一部,华南大区,华南四区销售三科,华南四区销售三科,莫毅敏,广东省,东莞市,在职,业务,2026-07-16
6d18bc30404a48abb302f155961d8d3b,C9137,华亮,装备一事业群,销售一部,华南大区,华南五区销售一科,华南五区销售一科,华亮,广东省,中山市,在职,业务,2018-07-01
6ded6828abb94242aeb97faca2536521,C17110,周军,装备一事业群,销售二部,华东大区,华东三区销售三科,华东三区销售三科,何昌雷,浙江省,湖州市,离职,业务,
6f1c59e54b62415c9b4ae6f5337f2f46,C9063,何雪辉,装备一事业群,销售一部,华南大区,华南一区销售一科,华南一区销售一科,方学坚,广东省,惠州市,在职,业务,2014-05-04
6f951427a0b8451abde9f76e5fb44777,C9076,王芝润,装备一事业群,销售一部,华南大区,华南二区销售一科,华南二区销售一科,王阵,广东省,深圳市,在职,业务,2017-07-04
6fcb84b7a93b421eac938b66ab1eb100,C8709,金柳海,装备一事业群,销售二部,华东大区,华东三区销售一科,华东三区销售一科,刘小晚,浙江省,宁波市,在职,业务,2017-06-26
704de90d68e24835978fbf4055bec586,C17716,江有弟,装备一事业群,销售三部,华东大区,华东三区销售一科,华东三区销售一科,刘小晚,浙江省,台州市,在职,业务,2026-05-09
7075b578ebe145b38a0a848694392a2e,C9534,张早全,装备一事业群,销售一部,华南大区,华南一区销售二科,华南一区销售二科,余道兴,广东省,东莞市,在职,业务,2021-03-05
71cd3de38a47491a996035ca71b7b119,C8693,钟红梅,装备一事业群,销售二部,华东大区,华东一区销售二科,华东一区销售二科,董有张,江苏省,昆山市,在职,业务,2013-04-18
727d0f5770e5498b890c9e82ac63e671,C8776,杨朝恩,装备一事业群,销售二部,华东大区,华东三区销售一科,华东三区销售一科,刘小晚,浙江省,台州市,在职,业务,2020-11-30
72a37633c610458db9b0261c01b8f435,C8997,蓝毓权,装备一事业群,销售一部,华南大区,华南四区销售一科,华南四区销售一科,杨基,广东省,深圳市,在职,业务,2020-04-01
732dc59dfe39493dbd471bbd138c50e3,C8713,余传科,装备一事业群,销售二部,华东大区,华东一区销售一科,华东一区销售一科,夏立华,江苏省,苏州市,在职,业务,2020-12-01
7341580161b14630adc0e504243eaa40,C8914,曹勇,装备一事业群,销售二部,华东大区,华东二区销售一科,华东二区销售一科,徐攀峰,江苏省,无锡市,在职,业务,2018-03-01
73640c25f64544ed9d65fdd4d6b75b77,C17162,庞丽丽,装备一事业群,销售一部,华南大区,华南一区销售三科,华南一区销售三科,张德竑,广东省,深圳市,在职,业务,2025-12-26
73df85efbfbb436a995c643d3ad9b338,C10709,李婧琳,装备一事业群,销售一部,华南大区,华南二区销售三科,华南二区销售三科,张进华,广东省,深圳市,在职,业务,2021-09-28
75b8dbe6d0cd476b97693169a2477381,C8969,王银涛,装备一事业群,销售四部,华北大区②,华北大区②销售二科,华北大区②销售二科,胡封玺,河南省,洛阳市,离职,业务,
76c795cdfaf943e28feac184f0224e38,C17995,张斌,装备一事业群,销售四部,华中大区,华中大区销售三科,华中销售三科,马琳,江西省,江西市,在职,业务,2026-06-26
777dadf519c6463fbd8b89bc64d35e8c,C8989,夏春林,装备一事业群,销售一部,华南大区,华南五区销售二科,华南五区销售二科,金鑫,广东省,肇庆市,在职,业务,2013-07-13
78471578a3cb452b9173c22fc2f81e53,C7256,寇宇鹏,装备一事业群,销售二部,华东大区,华东一区销售二科,华东一区销售二科,董有张,江苏省,昆山市,在职,业务,2020-12-01
78a690f7ac624382834ebec8d84c9280,C12651,刘志聪,装备一事业群,销售一部,华南大区,华南一区销售一科,华南一区销售一科,何雪辉,广东省,惠州市,离职,业务,
79bf162717a94541bb033beea9460d41,C18253,张开杰,装备一事业群,销售一部,华南大区,华南四区销售三科,华南四区销售三科,莫毅敏,广东省,东莞市,在职,业务,2026-07-21
79f9e13e586a4d5ebb32be741a3161d0,C9014,谢朝英,装备一事业群,销售一部,华南大区,华南五区销售一科,华南五区销售一科,华亮,广东省,中山市,在职,业务,2015-04-08
7ae09c4f00df42718542c7088c8c9acb,C15068,潘茂胜,装备一事业群,销售二部,华东大区,华东三区销售一科,华东三区销售一科,刘小晚,浙江省,宁波市,在职,业务,2024-04-16
7b5fb9c48d1a4abea49ca8ebf3c278c8,C18496,龙少峰,装备一事业群,销售一部,华南大区,华南三区销售二科,华南三区销售二科,吴忠祥,广东省,东莞市,在职,业务,2026-08-14
7bf23960e4ca4ac5ab8731fed7b4a2a7,C18508,高洁,装备一事业群,销售一部,华南大区,华南四区销售二科,华南四区销售二科,王敏,广东省,东莞市,在职,业务,2026-08-18
7c95dc1ad56d4c08928fa9b9b34fd7f9,C8557,廖勇,装备一事业群,销售一部,华南大区,华南四区销售一科,华南四区,蔡万峰,广东省,东莞市,在职,管理领导,2010-03-17
7ca7dad944f64ac5979b927becbbe715,C17007,刘吉,装备一事业群,销售四部,华中大区,华中大区销售二科,华中销售二科,马琳,湖北省,十堰市市,在职,业务,2025-11-13
7d366077885b47089da69096059b3698,C9021,李杰,装备一事业群,销售一部,华南大区,华南二区销售一科,华南二区销售一科,王阵,广东省,深圳市,在职,业务,2014-01-03
7d7846e44bc7433f8be1e0e4709b4e2f,C8721,何嘉原,装备一事业群,销售二部,华东大区,华东一区项目销售一科,华东一区项目销售一科,徐卫东,江苏省,苏州市,在职,业务,2018-08-15
7e29fc5d282c4cd18908fdfa61f40f45,C17451,刘正南,装备一事业群,销售一部,华南大区,华南四区销售一科,华南四区销售一科,杨基,广东省,深圳市,在职,业务,2026-03-17
7e6f835141db4b4c870632bdabb8b077,C8561,莫帮汉,装备一事业群,销售一部,华南大区,华南二区销售一科,华南二区,蔡万峰,广东省,深圳市,在职,管理领导,2012-02-21
7ea60f3145704f12b7dd9bb925a14748,C9082,莫毅敏,装备一事业群,销售一部,华南大区,华南四区销售三科,华南四区销售三科,莫毅敏,广东省,东莞市,在职,业务,2018-03-01
7ef397ac7eec4a1da7f628d917563a9c,C12941,任向东,装备一事业群,销售四部,华中大区,华中大区销售一科,华中销售一科,朱恩幸,湖南省,益阳市,在职,业务,2023-11-07
7f18d508510743b689df7f75e74b7644,C8624,董有张,装备一事业群,销售二部,华东大区,华东一区销售二科,华东一区销售二科,徐卫东,江苏省,昆山市,在职,业务,2010-11-25
7f1b495136004c34820f6aca7192b86e,C8878,甘晓明,装备一事业群,销售四部,华中大区,华中大区销售二科,华中销售二科,马琳,湖北省,荆州市,在职,业务,2020-11-07
7fa2f350f61446ae88cbbf2e232fd36c,C17228,唐天顺,装备一事业群,销售四部,西南大区,西南大区销售二科,西南销售二科,吴丽平,重庆市,重庆市,在职,业务,2026-01-08
800b7de8f03d4e47828b2ef8009a227a,C17148,李少刚,装备一事业群,销售二部,华东大区,华东一区项目销售一科,华东一区项目销售一科,何嘉原,江苏省,苏州市,在职,业务,2025-12-23
8111e3099f4b4c269297053f3067afc1,C11874,齐苇,装备一事业群,销售二部,华东大区,华东一区销售二科,华东一区销售二科,董有张,江苏省,昆山市,在职,业务,2022-06-07
8117232d9a934a548d63e52304c07cc0,C9027,徐绍,装备一事业群,销售一部,华南大区,华南二区销售四科,华南二区销售四科,蔡政,广东省,深圳市,在职,业务,2020-10-29
8123435501374a39a8e2a6a7248d5027,C11708,贺亮,装备一事业群,销售二部,华东大区,华东三区销售三科,华东三区销售三科,何昌雷,浙江省,绍兴市,在职,业务,2022-03-16
81af7dafeacb4709ab4383ac823dc429,C8920,罗燕飞,装备一事业群,销售二部,华东大区,华东二区销售一科,华东二区销售一科,曹勇,江苏省,无锡市,在职,业务,2020-03-27
81c219f3bef849c790a61951fa4aeb1b,C8559,方学坚,装备一事业群,销售一部,华南大区,华南一区销售三科,华南一区,蔡万峰,广东省,深圳市,在职,管理领导,2012-02-24
825e125b89314395801357a420203779,C17646,谭新国,装备一事业群,销售一部,华南大区,华南一区销售二科,华南一区销售二科,余道兴,广东省,东莞市,在职,业务,2026-04-22
8285274fca184c1a86c94e5f26f5612c,C8974,何杰,装备一事业群,销售一部,华南大区,华南三区销售一科,华南三区销售一科,张明,广东省,东莞市,在职,业务,2020-04-08
82ae8ddfc4b14b73bbb522510eef2ab5,C9026,何稼轩,装备一事业群,销售四部,东南大区,东南大区,东南大区,章程,福建省,福州市,在职,业务,2020-11-07
84a7db0ab72b4799ab4053718f340caa,C17974,段旭东,装备一事业群,销售三部,华北大区①,华北大区①销售一科,华北大区①销售一科四组,张金涛,河北省,邢台市,离职,业务,
84a85944a02f4cdc89087c8c454ca065,C15083,辛清卫,装备一事业群,销售二部,华东大区,华东一区项目销售一科,华东一区项目销售一科,何嘉原,江苏省,苏州市,在职,业务,
84ec86435a6449d68c70015a3aeab3fc,C18130,张国强,装备一事业群,销售二部,华东大区,华东二区销售一科,华东二区销售一科,曹勇,江苏省,无锡市,在职,业务,2026-07-09
858297c4221a46e496f6741e666b5614,C8704,章俊杰,装备一事业群,销售二部,华东大区,华东一区销售一科,华东一区销售一科,夏立华,江苏省,苏州市,在职,业务,2017-02-22
8594e624e0364764a37fe0e75047e4b5,C17530,全东康,装备一事业群,销售一部,华南大区,华南三区销售三科,华南三区销售三科,李军,广东省,东莞市,在职,业务,2026-04-02
859537aba66743758797992f364be9ee,C10845,杜广猛,装备一事业群,销售三部,华北大区①,华北大区①销售一科,华北大区①销售一科三组,关丰连,河北省,张家口市,在职,业务,2021-11-16
8648b85304ce4ef9ae062f9a6daa7045,C8717,胡斌,装备一事业群,销售二部,华东大区,华东二区销售二科,华东二区销售二科,韦金洋,江苏省,镇江市,在职,业务,2018-05-23
864d814a4782496bb439b3dd9732fa60,C17764,王睿,装备一事业群,销售二部,华东大区,华东三区销售二科,华东三区销售二科,王卫芝,浙江省,温州市,在职,业务,2026-05-16
86ad40bbdf964c909c8933868b574f52,C9732,雷雨明,装备一事业群,销售二部,华东大区,华东三区销售三科,华东三区销售三科,何昌雷,浙江省,杭州市,离职,业务,
86dea8b85a8e4999950fd0fa8cd44137,C8981,刘殿霄,装备一事业群,销售四部,华中大区,华中大区销售一科,华中销售一科,朱恩幸,湖南省,长沙市,在职,业务,2015-03-11
870e11b9f6794d10b1d67c22c2f31c05,C12559,柯亮亮,装备一事业群,销售一部,华南大区,华南四区销售三科,华南四区销售三科,莫毅敏,广东省,东莞市,在职,业务,2023-03-03
872ffe8b3e114d6696bcebc1d756ee4a,C8767,周亮,装备一事业群,销售二部,华东大区,华东二区销售二科,华东二区销售二科,韦金洋,江苏省,南京市,在职,业务,2020-11-07
87488fac79b14fa6a5b442aee0892e05,C17705,李进丰,装备一事业群,销售四部,西南大区,西南大区销售一科,西南销售一科,李祖桥,四川省,成都市,在职,业务,2026-05-08
87bc4a4508b54c74a1049fbfc9b51ae8,C17684,刘子仁,装备一事业群,销售三部,华北大区①,华北大区①销售一科,华北大区①销售一科一组,邢立锋,天津市,天津市,在职,业务,2026-05-06
89bf854db6b04242b715e89bba721588,C17421,赵林峰,装备一事业群,销售四部,西南大区,西南大区销售二科,西南销售二科,吴丽平,重庆市,重庆市,在职,业务,2026-03-13
89eb780d1eb84ecdb5c14efa6a94a105,C8990,关中法,装备一事业群,销售一部,华南大区,华南四区销售三科,华南四区销售三科,莫毅敏,广东省,东莞市,在职,业务,2017-11-15
8ab5879644ad4b73a699844158df95d8,C16197,鲁力,装备一事业群,销售四部,华中大区,华中大区销售二科,华中销售二科,马琳,湖北省,武汉市,在职,业务,2025-01-03
8ae65c6069874b3fbab8f111e179e08e,C8731,王炳荣,装备一事业群,销售二部,华东大区,华东一区销售一科,华东一区销售一科,夏立华,江苏省,苏州市,在职,业务,2019-02-22
8b9e77fa4f70400491f41137c7ccc073,C17879,郑策,装备一事业群,销售三部,华北大区①,华北大区①销售一科,华北大区①销售一科一组,邢立锋,天津市,天津市,离职,业务,
8cd37da9a0df4d7393fc15f67816ca97,C9108,奉友斌,装备一事业群,销售一部,华南大区,华南二区销售四科,华南二区销售四科,蔡政,广东省,东莞市,在职,业务,2018-08-08
8dc0dfba2a51457a8d40f03546bc2bc1,C18618,陈贺,装备一事业群,销售三部,华北大区①,华北大区①销售一科,华北大区①销售一科四组,张金涛,河北省,邢台市,在职,业务,2026-09-02
8de27cb3a0b94ea2b94b431911fa1134,C11885,张敬,装备一事业群,销售一部,华南大区,华南三区销售一科,华南三区销售一科,张明,广东省,东莞市,在职,业务,2022-06-21
8e94dc8fdc464199af95a3389e725d17,C8628,杨江东,装备一事业群,销售二部,华东大区,华东一区销售一科,华东一区销售一科,夏立华,江苏省,苏州市,在职,业务,2020-11-25
8ed60ae43c1c4676a19a63d7f0e104e1,C17687,艾刚,装备一事业群,销售四部,华北大区②,华北大区②销售一科,华北大区②销售一科,梁吉骁,山东省,济宁市,在职,业务,2026-05-06
90287a339a474a00bf4f4f8dffd53431,C9101,钟昌禄,装备一事业群,销售一部,华南大区,华南三区销售三科,华南三区销售三科,李军,广东省,东莞市,在职,业务,2019-08-20
914a66e29dbb4c0b9791ef170dca559b,C13436,孙露,装备一事业群,销售四部,华北大区②,华北大区②销售二科,华北大区②销售二科,胡封玺,河南省,洛阳市,在职,业务,2024-03-27
91fa4cd763f740acb580abc56cfa592d,C17922,吴柯言,装备一事业群,销售四部,西南大区,西南大区销售二科,西南销售二科,吴丽平,重庆市,重庆市,在职,业务,2026-06-12
9206c12aa8dc45d58c855c1650b8d43d,C11369,潘溥,装备一事业群,销售二部,华东大区,华东二区销售一科,华东二区销售一科,曹勇,江苏省,无锡市,在职,业务,2022-02-16
92089a89ac8e41508ed22be6296bff5f,C8982,胡封玺,装备一事业群,销售四部,华北大区②,华北大区②销售二科,华北大区②销售二科,张利,河南省,新乡市,在职,业务,2012-04-08
929e77e8123542bc8cbed3208e151956,C9019,王敏,装备一事业群,销售一部,华南大区,华南四区销售二科,华南四区销售二科,廖勇,广东省,东莞市,在职,业务,2013-03-08
92c9b40ef5f34f979eb5ae3139ae2f81,C9081,王湘东,装备一事业群,销售一部,华南大区,华南五区销售二科,华南五区销售二科,金鑫,广东省,佛山市,在职,业务,2017-11-08
934f92d087234f53926ebb362170baca,C8691,韦留,装备一事业群,销售二部,华东大区,华东一区项目销售二科,华东一区项目销售二科,徐卫东,江苏省,苏州市,在职,业务,2012-09-07
94c979fd5d6041788aae932218bf795d,C17924,赵康,装备一事业群,销售三部,华北大区①,华北大区①销售一科,华北大区①销售一科四组,张金涛,河北省,邢台市,在职,业务,2026-06-12
95e71848525c43a280d73fa26321734e,C17610,严嘉威,装备一事业群,销售二部,华东大区,华东三区销售二科,华东三区销售二科,王卫芝,浙江省,温州市,在职,业务,2026-04-14
964f57b585d148c7b731c5e1a9f75905,C17299,徐攀峰,装备一事业群,销售二部,华东大区,华东二区销售一科,华东二区,徐卫东,江苏省,无锡市,在职,管理领导,2012-08-13
96d3d55519ef46cabc794de9fe01ee0b,C11663,陈俊芳,装备一事业群,销售一部,华南大区,华南一区销售二科,华南一区销售二科,余道兴,广东省,东莞市,在职,业务,2022-03-05
97d1d772d14a4facbe6189e8b56b580d,C17817,曾柏霖,装备一事业群,销售一部,华南大区,华南五区销售二科,华南五区销售二科,金鑫,广东省,佛山市,在职,业务,2026-05-27
9814992c72d841e3b7fc20cbae91c256,C12543,徐天贵,装备一事业群,销售一部,华南大区,华南二区销售三科,华南二区销售三科,张进华,广东省,深圳市,在职,业务,2023-02-24
98cbd17ca6624d1db0ec9c235bc82170,C17252,张凯,装备一事业群,销售三部,华北大区①,华北大区①销售一科,华北大区①销售一科五组,李玉鹏,河北省,沧州市,在职,业务,2026-01-20
98ee57f14c344fccab48974f56eafed7,C17286,付家恒,装备一事业群,销售四部,华北大区②,华北大区②销售二科,华北大区②销售二科,胡封玺,河南省,新乡市,在职,业务,2026-02-03
996c4ac731ca430aa749c93a439874e0,C17762,杨杰,装备一事业群,销售一部,华南大区,华南五区销售二科,华南五区销售二科,金鑫,广东省,佛山市,在职,业务,2026-05-18
998c831a4be34ba58344b0cb17911b3f,C11522,郭照忠,装备一事业群,销售二部,华东大区,华东三区销售三科,华东三区销售三科,何昌雷,浙江省,嘉兴市,在职,业务,2022-02-28
999bd37d5d064a0aa6288380ba95b796,C17128,徐兆成,装备一事业群,销售二部,华东大区,华东一区项目销售一科,华东一区项目销售一科,何嘉原,江苏省,苏州市,离职,业务,
99ef84a674dd4d7d953f8a6520eb4b32,C17839,张嵛,装备一事业群,销售四部,西南大区,西南大区销售一科,西南销售一科,李祖桥,四川省,成都市,在职,业务,2026-06-02
9a21ff7aaf8b462a838c35196cae11f5,C8755,刘刚,装备一事业群,销售二部,华东大区,华东一区销售一科,华东一区销售一科,夏立华,江苏省,苏州市,在职,业务,2020-08-04
9b4849637dac4a1c9a46d93fabd98531,C17975,荣嘉琳,装备一事业群,销售二部,华东大区,华东二区销售三科,华东二区销售三科,陈琪,江苏省,扬州市,在职,业务,2026-06-23
9b5986cbca9344a79f4b58c0ba8fbf1d,C17591,周赢,装备一事业群,销售四部,华中大区,华中大区销售二科,华中销售二科,马琳,湖北省,武汉市,在职,业务,2026-04-09
9bbe2ad260da481ab7675fa8fccfdc5d,C12675,蔡海件,装备一事业群,销售四部,华中大区,华中大区销售一科,华中销售一科,朱恩幸,湖南省,衡阳市,在职,业务,2023-04-28
9bbf75810a4144f9a60184c19ce7cde7,C9000,蔡政,装备一事业群,销售一部,华南大区,华南二区销售四科,华南二区销售四科,莫帮汉,广东省,深圳市,在职,业务,2011-07-19
9bd90d8924cd4cfb80503efa35ff14a2,C17207,宋国强,装备一事业群,销售二部,华东大区,华东一区项目销售一科,华东一区项目销售一科,何嘉原,江苏省,苏州市,离职,业务,
9c6a8e78f2ce430c93927ba9e0338e84,C17113,戚佩阳,装备一事业群,销售四部,华北大区②,华北大区②销售三科,华北大区②销售三科,田明明,陕西省,西安市,离职,业务,
9d18e3db4426445f9a1b4dd016a003ef,C15741,邹雄,装备一事业群,销售二部,华东大区,华东一区销售二科,华东一区销售二科,董有张,江苏省,昆山市,在职,业务,2024-09-13
9e5fa92c2a154ca29e11d81b498ba8f2,C17442,黄士民,装备一事业群,销售四部,华北大区②,华北大区②销售二科,华北大区②销售二科,胡封玺,河南省,许昌市,在职,业务,2026-03-14
9f32777f51714a21be599b149f0872e5,C5036,岳文杰,装备一事业群,销售一部,华南大区,华南五区销售一科,华南五区销售一科,华亮,广东省,中山市,在职,业务,2021-10-01
9ffcf8281a9649aeb7e97ab40421d2ba,C17643,黄熏谱,装备一事业群,销售一部,华南大区,华南五区销售二科,华南五区销售二科,金鑫,广东省,广州市,在职,业务,2026-04-21
a022dfb0a89d4ab0a45d3ed69e402198,C9003,李祖桥,装备一事业群,销售四部,西南大区,西南大区销售一科,西南销售一科,张帅,四川省,成都市,在职,业务,2015-06-26
a0baaa32721049708e80861b62cace66,C9070,杨基,装备一事业群,销售一部,华南大区,华南四区销售一科,华南四区销售一科,廖勇,广东省,深圳市,在职,业务,2014-05-23
a1113380225845ab8abd9c5775570cc3,C13476,杨洋,装备一事业群,销售二部,华东大区,华东一区项目销售一科,华东一区项目销售一科,何嘉原,江苏省,苏州市,在职,业务,2024-04-08
a16e26f334f649b4b0d345607cee97f8,C12603,查迎兵,装备一事业群,销售一部,华南大区,华南二区销售二科,华南二区销售二科,贺美玲,广东省,深圳市,在职,业务,2023-03-13
a18f6cd29efe431c9593bb0cdc5f80bb,C8719,陈文凤,装备一事业群,销售二部,华东大区,华东二区销售二科,华东二区销售二科,韦金洋,安徽省,芜湖市,在职,业务,2018-06-09
a1b67794a5e948e3bc5042629eea602b,C7663,刘照云,装备一事业群,销售二部,华东大区,华东二区销售二科,华东二区销售二科,韦金洋,安徽省,马鞍山市,在职,业务,2023-03-06
a3112974a1ab43b1ad9fcc934991110d,C1416,姚广强,装备一事业群,销售一部,华南大区,华南二区销售三科,华南二区销售三科,张进华,广东省,深圳市,在职,业务,2022-10-01
a360c3e6ffae48dc84c2dbf128c9bbc2,C17271,郏杨洋,装备一事业群,销售二部,华东大区,华东三区销售一科,华东三区销售一科,刘小晚,浙江省,台州市,离职,业务,
a3ab61fba6f64a3dbe831d68cdd67642,C2939,巫程伟,装备一事业群,销售二部,华东大区,华东二区销售一科,华东二区销售一科,曹勇,江苏省,无锡市,在职,业务,2016-03-21
a3b075139510442e9eefff42624bcd02,C9949,夏广松,装备一事业群,销售一部,华南大区,华南五区销售二科,华南五区销售二科,金鑫,广东省,佛山市,在职,业务,2021-04-13
a55d6a8e655a412ba7cd5c10dc766894,F16571,江吉源,装备一事业群,销售一部,华南大区,华南二区销售二科,华南二区销售二科,贺美玲,广东省,深圳市,在职,业务,2025-06-28
a55daa72518348ccb6dd138280f738ec,C18617,张坤坤,装备一事业群,销售四部,华北大区②,华北大区②销售一科,华北大区②销售一科,石瑛,山东省,烟台市,在职,业务,2026-09-02
a6291ba011b64899b5ed0b94ed2866e8,C18610,邵青,装备一事业群,销售二部,华东大区,华东三区销售二科,华东三区销售二科,王卫芝,浙江省,温州市,在职,业务,2026-09-01
a65bc002f76d41ce9da5ca76115482d3,C17127,张帅,装备一事业群,销售一部,华南大区,华南三区销售一科,华南三区销售一科,张明,广东省,东莞市,离职,业务,
a6c1bb538d28441f9f7719e20508bb01,C13437,闫晨,装备一事业群,销售四部,华北大区②,华北大区②销售三科,华北大区②销售三科,田明明,山西省,太原市,离职,业务,
a6da0dcbf95f481697ad683dd85b6d56,C9140,汪星亮,装备一事业群,销售一部,华南大区,华南一区销售二科,华南一区销售二科,余道兴,广东省,东莞市,在职,业务,2016-05-24
a76b2c48e1c145deb6b2d1572b8e62a4,C17810,王恒,装备一事业群,销售二部,华东大区,华东二区销售二科,华东二区销售二科,韦金洋,江苏省,常州市,在职,业务,2026-05-26
a7ca0c0ecbf245a983f40a95f2e87b8a,C2394,张永军,装备一事业群,销售一部,华南大区,华南五区销售一科,华南五区销售一科,华亮,广东省,中山市,在职,业务,2022-03-01
a8ba2ca28f164267bf0a0973be7835ec,C9132,梁吉骁,装备一事业群,销售四部,华北大区②,华北大区②销售一科,华北大区②销售一科,刘力壮,山东省,济南市,在职,业务,2017-10-19
a8c7d0990574431f974341ee113b37fc,C18612,张彦,装备一事业群,销售一部,华南大区,华南一区销售三科,华南一区销售三科,张德竑,广东省,深圳市,在职,业务,2026-09-01
a8f6eaedfb334157a568ace80e862c06,C8716,张禄山,装备一事业群,销售二部,华东大区,华东三区销售一科,华东三区销售一科,刘小晚,浙江省,宁波市,在职,业务,2018-03-19
a919cf98b7244c07b599d2e43eda3a7b,C8689,陈琪,装备一事业群,销售二部,华东大区,华东二区销售三科,华东二区销售三科,徐攀峰,江苏省,南通市,在职,业务,2012-03-05
a9682ebac8e049659f78a1ce1a8171d0,C17189,张翔,装备一事业群,销售一部,华南大区,华南三区销售二科,华南三区销售二科,吴忠祥,广东省,东莞市,在职,业务,2026-01-06
a97f82c06e664599bfee0c5d7ee5fc7f,C16187,李开剑,装备一事业群,销售二部,华东大区,华东二区销售二科,华东二区销售二科,韦金洋,安徽省,宣城市,在职,业务,2024-12-27
a9a1c00951ff47188d2f2f8900dc9d5f,C17481,崔汉磊,装备一事业群,销售四部,华北大区②,华北大区②销售一科,华北大区②销售一科,梁吉骁,山东省,淄博市,在职,业务,2026-03-24
aa3b1d425dca4b269fd30b99a4e598e0,C8980,席丽,装备一事业群,销售四部,华中大区,华中大区销售一科,华中销售一科,朱恩幸,湖南省,长沙市,在职,业务,2019-04-02
aaa40827baf04e06b6bebc78aca5691e,C9077,徐晶,装备一事业群,销售一部,华南大区,华南一区销售一科,华南一区销售一科,何雪辉,广东省,惠州市,在职,业务,2014-05-04
ab7f6c6d12764fbdb4d54c959bac69b9,C9055,李洪福,装备一事业群,销售三部,华北大区①,华北大区①销售二科,华北大区①销售二科,李坤,辽宁省,大连市,在职,业务,2017-11-09
ab92e6708423414696c09415ff035a42,C12364,邢文杰,装备一事业群,销售二部,华东大区,华东一区销售二科,华东一区销售二科,董有张,上海市,上海市,在职,业务,2023-02-07
ac886ddbdb3142e98a606babe1e22f6c,C11815,余勇,装备一事业群,销售四部,西南大区,西南大区销售一科,西南销售一科,李祖桥,四川省,宜宾市,在职,业务,2022-04-28
acf360f93a59451185cd49a34aabddcd,C9072,朱飞雄,装备一事业群,销售一部,华南大区,华南二区销售四科,华南二区销售四科,蔡政,广东省,东莞市,在职,业务,2016-09-08
ada458ebfd6f4989bb5270571aeda1e7,C17192,汪子谦,装备一事业群,销售一部,华南大区,华南三区销售二科,华南三区销售二科,吴忠祥,广东省,东莞市,离职,业务,
addcffc1e1744492b38f113508168d42,C17251,李昆隆,装备一事业群,销售三部,华北大区①,华北大区①销售一科,华北大区①销售一科一组,邢立锋,河北省,秦皇岛市,在职,业务,2026-01-20
ae4b63868d8748dc9edd4c73e79f501f,C17923,杨阳,装备一事业群,销售三部,华北大区①,华北大区①销售一科,华北大区①销售一科一组,邢立锋,天津市,天津市,在职,业务,2026-06-12
aeaf7edc716f4ac2a8324745bdab6f68,C9073,王宏伟,装备一事业群,销售一部,华南大区,华南三区销售一科,华南三区销售一科,张明,广东省,东莞市,在职,业务,2017-04-15
aecc1fd12d364ccb8d806e1119e130cf,C16106,张明术,装备一事业群,销售一部,华南大区,华南一区销售一科,华南一区销售一科,何雪辉,广东省,惠州市,在职,业务,2024-12-05
b010dd37271f46ffa3f5d7a0ce3c0e0e,C13424,张昊晨,装备一事业群,销售二部,华东大区,华东三区销售一科,华东三区销售一科,刘小晚,浙江省,宁波市,在职,业务,2024-03-26
b059f2ad65304c748100851c47891809,C17918,陈昭,装备一事业群,销售三部,华北大区①,华北大区①销售一科,华北大区①销售一科二组,李家胜,天津市,天津市,在职,业务,2026-06-11
b142d635ce8d4780a6965e8a89fabdbb,C13426,渠雯,装备一事业群,销售一部,华南大区,华南二区销售三科,华南二区销售三科,张进华,广东省,深圳市,在职,业务,2024-03-26
b19a00a18eda466596e12e91444f3612,C9036,杨磊,装备一事业群,销售四部,西南大区,西南大区销售二科,西南销售二科,吴丽平,重庆市,重庆市,在职,业务,2020-07-24
b2105be5a1924518b638eb89b2af2327,C8625,吕怀山,装备一事业群,销售二部,华东大区,华东三区销售三科,华东三区,徐卫东,浙江省,湖州市,在职,管理领导,2015-03-21
b34cb43c2e214e8d9a83b9e0a22192c9,C18447,陆钟光,装备一事业群,销售一部,华南大区,华南三区销售二科,华南三区销售二科,吴忠祥,广东省,东莞市,在职,业务,2026-08-06
b4de751df0f649deae64819f60c37945,C13089,巫莉莉,装备一事业群,销售一部,华南大区,华南五区销售一科,华南五区销售一科,华亮,广东省,中山市,在职,业务,2023-12-28
b4e358bf529b4a17aa9a840698d2baf4,C17878,王伟光,装备一事业群,销售四部,西南大区,西南大区销售一科,西南销售一科,李祖桥,四川省,成都市,离职,业务,
b59d588b14414ae1958e34ad6a52c57c,C18305,董娟娟,装备一事业群,销售二部,华东大区,华东二区销售三科,华东二区销售三科,陈琪,江苏省,南通市,在职,业务,2026-08-03
b6f4b5417ff74387a0140735aaee6b29,C8915,濮正飞,装备一事业群,销售二部,华东大区,华东二区销售一科,华东二区销售一科,曹勇,江苏省,无锡市,在职,业务,2017-02-15
b6f610f0238a4ed187c01bd34c5d872c,C10081,黎善平,装备一事业群,销售四部,华中大区,华中大区销售三科,华中销售三科,马琳,江西省,江西市,在职,业务,2021-05-21
b81e70842ca34a99b31d2445ae985d57,C10877,林华盛,装备一事业群,销售四部,西南大区,西南大区销售二科,西南销售二科,吴丽平,重庆市,重庆市,在职,业务,2021-11-22
bac3595e2db84388afc6261bd9caa972,C9147,何嘉全,装备一事业群,销售一部,华南大区,华南五区销售一科,华南五区销售一科,华亮,广东省,中山市,在职,业务,2020-12-25
bc2713de19f94d74a482e1c1555f4c0f,C18519,杨亮,装备一事业群,销售一部,华南大区,华南一区销售二科,华南一区销售二科,杨新杰,广东省,东莞市,在职,业务,2026-08-19
bc4cef299995498d8e0bac7e9bff0e96,C8734,王建军,装备一事业群,销售二部,华东大区,华东二区销售三科,华东二区销售三科,陈琪,江苏省,南通市,在职,业务,2019-04-18
bc693fa6e8564089a8de1474158e7d5e,C17945,王朋飞,装备一事业群,销售二部,华东大区,华东一区销售二科,华东一区销售二科,董有张,江苏省,昆山市,在职,业务,2026-06-17
bc8eef148a3045c3bf484be8ed2a075f,C9098,谭宁,装备一事业群,销售一部,华南大区,华南四区销售二科,华南四区销售二科,王敏,广东省,东莞市,在职,业务,2019-11-08
bce13de4377644b08ddcf173472e0b32,C17160,王世磊,装备一事业群,销售四部,华北大区②,华北大区②销售三科,华北大区②销售三科,田明明,陕西省,西安市,在职,业务,2025-12-26
bdd384f8780f47aaa4784f24b89335a9,C13480,陈珺珺,装备一事业群,销售一部,华南大区,华南二区销售四科,华南二区销售四科,蔡政,广东省,深圳市,在职,业务,
be81628aa90843ee98457bf6d69e7b24,C9144,张进华,装备一事业群,销售一部,华南大区,华南二区销售三科,华南二区销售三科,蔡万峰,广东省,深圳市,在职,业务,2010-01-03
bea18de5f8ad459a858e9fa15c4303fc,C17698,洪强,装备一事业群,销售二部,华东大区,华东二区销售二科,华东二区销售二科,韦金洋,安徽省,芜湖市,在职,业务,2026-05-07
bebba402644c431e9c0da5bf2ea74cac,C9600,张红龙,装备一事业群,销售二部,华东大区,华东二区销售一科,华东二区销售一科,曹勇,江苏省,无锡市,在职,业务,2021-03-10
bebc32a4cb774de88412cc74643c2c2e,C8750,秦江波,装备一事业群,销售二部,华东大区,华东一区项目销售二科,华东一区项目销售二科,徐卫东,江苏省,昆山市,在职,业务,2020-05-26
bf3aceca5c3e4b43a21cd12fae248f74,C18013,蒋鹏远,装备一事业群,销售四部,华北大区②,华北大区②销售二科,华北大区②销售二科,胡封玺,河南省,郑州市,在职,业务,2026-06-30
bf4e4f56ec204876afdfc63152b4870c,C18298,张爱武,装备一事业群,销售一部,华南大区,华南四区销售三科,华南四区销售三科,莫毅敏,广东省,东莞市,在职,业务,2026-08-03
bf8b2fdd61f4470c8cc5267a5a0e04c3,C7111,陈文苟,装备一事业群,销售二部,华东大区,华东三区销售一科,华东三区销售一科,刘小晚,浙江省,宁波市,在职,业务,2022-02-01
bfdffd4ff7cd4200b6bde50c710cc564,C8745,朱大青,装备一事业群,销售二部,华东大区,华东三区销售三科,华东三区销售三科,何昌雷,浙江省,杭州市,在职,业务,2020-03-30
bfe4a8b90e2447be822b0cab8c01b0fa,C17208,林肯,装备一事业群,销售一部,华南大区,华南三区销售二科,华南三区销售二科,吴忠祥,广东省,东莞市,离职,业务,
bff2422cd67746449b116707e3e02b18,C17385,罗彩霞,装备一事业群,销售一部,华南大区,华南二区销售三科,华南二区销售三科,张进华,广东省,深圳市,在职,业务,2026-03-10
c1d85a13bcea4d02971e9ee2c0836654,C17155,郭锡容,装备一事业群,销售一部,华南大区,华南三区销售三科,华南三区销售三科,李军,广东省,东莞市,在职,业务,2025-12-26
c29733c1439e4bdab25270878ff46918,C17755,王尧丙,装备一事业群,销售一部,华南大区,华南三区销售一科,华南三区销售一科,张明,广东省,东莞市,离职,业务,
c2e5bd0ffef94553b5e8cca9e0344926,C13221,赵子豪,装备一事业群,3C事业部,3C营销中心,华南3C,华南3C,叶良红,广东省,深圳市,异动,业务,
c370349097234108b6186fc53c89efa2,C17383,王海旭,装备一事业群,销售一部,华南大区,华南二区销售三科,华南二区销售三科,张进华,广东省,深圳市,在职,业务,2026-03-10
c421e304c3a54835b12a8add710a4e94,C8749,许泽堂,装备一事业群,销售二部,华东大区,华东二区销售二科,华东二区销售二科,韦金洋,江苏省,常州市,在职,业务,2020-05-20
c4afe3f3a4d34800b87303d968672106,C8668,韦金洋,装备一事业群,销售二部,华东大区,华东二区销售二科,华东二区销售二科,徐攀峰,江苏省,常州市,在职,业务,2011-05-10
c53ca1ed830946688b9c83e74b691878,C8715,李水军,装备一事业群,销售二部,华东大区,华东二区销售二科,华东二区销售二科,韦金洋,江苏省,常州市,在职,业务,2018-03-14
c5f3b7bc0b7143f3ada3e2b56d479e27,C17946,王子安,装备一事业群,销售三部,华北大区①,华北大区①销售二科,华北大区①销售二科,李坤,黑龙江省,哈尔滨市,在职,业务,2026-06-17
c607138cff2e4ef7b24a4a5342535a7d,C9142,王海军,装备一事业群,销售一部,华南大区,华南二区销售四科,华南二区销售四科,蔡政,广东省,深圳市,在职,业务,2014-11-25
c672a82508524223805a1d3734bb2148,C10737,张立峰,装备一事业群,销售二部,华东大区,华东三区销售一科,华东三区销售一科,刘小晚,浙江省,台州市,在职,业务,2021-10-11
c6a4367d67264dad824e069c7a62ce7c,C9111,朱汉英,装备一事业群,销售一部,华南大区,华南二区销售三科,华南二区销售三科,张进华,广东省,深圳市,在职,业务,2019-03-05
c7470e4f6f8e48ada4465c2ad36dfb7f,C12648,侯鹏,装备一事业群,销售三部,华北大区①,华北大区①销售二科,华北大区①销售二科,李坤,吉林省,长春市,在职,业务,2023-03-22
c7513f828b5a4bfb89d47dbe2ec6d60b,C8916,冯春磊,装备一事业群,销售二部,华东大区,华东二区销售一科,华东二区销售一科,曹勇,江苏省,无锡市,在职,业务,2016-02-25
c76ca4a7a89f4bbbb8a7a13721476273,C8919,潘小从,装备一事业群,销售二部,华东大区,华东二区销售三科,华东二区销售三科,陈琪,江苏省,无锡市,在职,业务,2013-12-30
c79f018290e541ae9ecc4abdf2295829,C17109,卢亮斌,装备一事业群,销售一部,华南大区,华南三区销售一科,华南三区销售一科,张明,广东省,东莞市,离职,业务,
c7f8f0b8a38a421e8295f61c58130bef,C9141,李军,装备一事业群,销售一部,华南大区,华南三区销售三科,华南三区销售三科,李军,广东省,东莞市,在职,管理领导,2017-06-19
c89353c3ee484675908a469017e724fb,C8984,石瑛,装备一事业群,销售四部,华北大区②,华北大区②销售一科,华北大区②销售一科,刘力壮,山东省,青岛市,在职,业务,2011-06-05
c8e0fb6ccb3d41d9b84f8fa3d9eceb7e,C9991,王泰圆,装备一事业群,销售四部,华中大区,华中大区销售一科,华中销售一科,朱恩幸,湖南省,长沙市,在职,业务,2021-04-22
c94e8de78678434e966b2a05e46d914f,C17623,李兴旺,装备一事业群,销售四部,华北大区②,华北大区②销售一科,华北大区②销售一科,石瑛,山东省,潍坊市,在职,业务,2026-04-15
c95319219262402692b7d7a09681fc33,C8881,沈静,装备一事业群,销售四部,华中大区,华中大区销售二科,华中销售二科,马琳,湖北省,武汉市,在职,业务,2020-12-04
ca5482c737084cca9db50249a8409446,C16196,陈水森,装备一事业群,销售四部,华中大区,华中大区销售一科,华中销售一科,朱恩幸,湖南省,常德市,在职,业务,2025-01-03
cad4949e24584289bfafc877956f14f2,C15083,辛清卫,装备一事业群,销售二部,华东大区,华东一区项目销售一科,华东一区项目销售一科,何嘉原,江苏省,苏州市,离职,业务,
cc03729f783546608904b7d85193a119,C9138,刘鸿浩,装备一事业群,销售一部,华南大区,华南四区销售二科,华南四区销售二科,王敏,广东省,东莞市,在职,业务,2021-03-01
cc26c434f8e24a1ab8c0955d50316449,C9083,严树孝,装备一事业群,销售一部,华南大区,华南二区销售二科,华南二区销售二科,贺美玲,广东省,深圳市,在职,业务,2017-02-27
cc3acef471d24b8eaa50bb822a4bf804,C13437,闫晨,装备一事业群,销售四部,华北大区②,华北大区②销售三科,华北大区②销售三科,田明明,陕西省,西安市,在职,业务,
cc9ffad82d434fb9bf531de62cb69f97,C17106,陈建辉,装备一事业群,销售一部,华南大区,华南三区销售三科,华南三区销售三科,李军,广东省,东莞市,离职,业务,
ccbcfae77eac4719922033d24bed5ce5,C8999,高秀专,装备一事业群,销售一部,华南大区,华南二区销售四科,华南二区销售四科,蔡政,广东省,深圳市,在职,业务,2020-02-27
ce3e55c3b00849b19c399df6265a34ba,C0010,蔡万峰,装备一事业群,销售一部,华南大区,华南大区,华南大区,张利,广东省,深圳市,在职,管理领导,2008-02-28
ceefd0abfe444947872a1ca8db848e40,C17242,赵雯,装备一事业群,销售四部,华北大区②,华北大区②销售二科,华北大区②销售二科,胡封玺,河南省,南阳市,在职,业务,2026-01-10
cefa2aa0911844038c949435c50ea21d,C9099,邢立锋,装备一事业群,销售三部,华北大区①,华北大区①销售一科,华北大区①销售一科一组,李坤,天津市,天津市,在职,业务,2014-06-01
ceff370a4d214bf28e8be042b2bc4ba9,C17650,叶显辉,装备一事业群,销售二部,华东大区,华东三区销售二科,华东三区销售二科,王卫芝,浙江省,温州市,在职,业务,2026-04-24
cfbfbbd869af43e68a52e11883dcf43a,F17581,李思瀚,装备一事业群,销售四部,华北大区②,华北大区②销售一科,华北大区②销售一科,梁吉骁,山东省,济宁市,在职,业务,2026-04-08
d02020a1c9964c26a55a40d454ffd8d3,C12768,张程浩,装备一事业群,销售一部,华南大区,华南二区销售三科,华南二区销售三科,张进华,广东省,深圳市,在职,业务,2023-07-11
d04cc1bdfad54e35be0efd06a11d55c2,C17198,吕瑞发,装备一事业群,销售二部,华东大区,华东三区销售一科,华东三区销售一科,刘小晚,浙江省,台州市,在职,业务,2026-01-06
d1b39f6ef9cf4e64b9758eacbda9f3ca,C8727,王卫芝,装备一事业群,销售二部,华东大区,华东三区销售二科,华东三区销售二科,王卫芝,浙江省,温州市,在职,业务,2018-11-07
d1bd5302b2e54f87b369f247f414af67,C18558,刘军,装备一事业群,销售四部,西南大区,西南大区销售一科,西南销售一科,李祖桥,四川省,成都市,在职,业务,2026-08-25
d232d54861444390a267ab2bf8b156ee,C10603,惠春发,装备一事业群,销售一部,华南大区,华南四区销售二科,华南四区销售二科,王敏,广东省,东莞市,在职,业务,2021-08-24
d3747f83cc9148b686a99af4a7ff5166,C17238,霍启,装备一事业群,销售二部,华东大区,华东三区销售三科,华东三区销售三科,何昌雷,浙江省,杭州市,在职,业务,2026-01-08
d37efdaaab7e43c29cbf782157f07eda,C17156,王宇宇,装备一事业群,销售四部,华中大区,华中大区销售二科,华中销售二科,马琳,湖北省,武汉市,离职,业务,
d4669fc1f77c4293b98f5caa983d577a,C11847,王琨博,装备一事业群,销售三部,华北大区①,华北大区①销售二科,华北大区①销售二科,李坤,黑龙江省,哈尔滨市,在职,业务,2022-05-20
d47db664cdfe464683451aa394d0ff73,C18609,李卓,装备一事业群,销售一部,华南大区,华南一区销售二科,华南一区销售二科,杨新杰,广东省,东莞市,在职,业务,2026-09-01
d56575b7653e4791b57e2eae115440de,C10067,姚园浩,装备一事业群,销售四部,华北大区②,华北大区②销售一科,华北大区②销售一科,石瑛,山东省,潍坊市,在职,业务,2021-05-20
d5bf4a95ff264d10b08b06f5835e7e6e,C17877,邓瀚炫,装备一事业群,销售一部,华南大区,华南三区销售一科,华南三区销售一科,张明,广东省,东莞市,在职,业务,2026-06-05
d6519dcdff0d4ac4849b3d9ac9576b07,C8714,何昌雷,装备一事业群,销售二部,华东大区,华东三区销售三科,华东三区销售三科,吕怀山,浙江省,杭州市,在职,业务,2018-03-05
d6f4319ba889438e8638de0814a52c6e,C8700,韩少青,装备一事业群,销售二部,华东大区,华东一区销售一科,华东一区销售一科,夏立华,江苏省,苏州市,在职,业务,2020-04-01
d722442a4e774efa97e9b19c8c4f5133,C8705,陈作兵,装备一事业群,销售二部,华东大区,华东二区销售二科,华东二区销售二科,韦金洋,江苏省,常州市,在职,业务,2018-07-24
d752dc96fd6a4101ba1c6eef5f69ae9e,C17605,付念,装备一事业群,销售四部,华中大区,华中大区销售一科,华中销售一科,朱恩幸,湖南省,长沙市,在职,业务,2026-04-11
d8bf627ce43945de9c359a54c37db465,C8622,夏立华,装备一事业群,销售二部,华东大区,华东一区销售一科,华东一区销售一科,徐卫东,江苏省,苏州市,在职,业务,2006-02-06
d8fa2acaf41e4ce0be9cd9468547b7d3,C17640,刘宁,装备一事业群,销售四部,华北大区②,华北大区②销售一科,华北大区②销售一科,梁吉骁,山东省,济宁市,在职,业务,2026-04-22
d98deb76c91541128da47a97da482dbd,C8747,周更生,装备一事业群,销售二部,华东大区,华东三区销售二科,华东三区销售二科,王卫芝,浙江省,温州市,在职,业务,2020-04-27
da041298572345948d43f552f8e19746,C16373,于永锋,装备一事业群,销售二部,华东大区,华东三区销售一科,华东三区销售一科,刘小晚,浙江省,宁波市,在职,业务,2025-03-01
db21424f20484fa486adb3ee281bcef3,C9110,夏金友,装备一事业群,销售一部,华南大区,华南三区销售二科,华南三区销售二科,吴忠祥,广东省,东莞市,在职,业务,2019-03-20
db823baa8a6d4e9c9d92179d19d0dfd6,C13454,叶荣花,装备一事业群,销售二部,华东大区,华东三区销售一科,华东三区销售一科,刘小晚,浙江省,宁波市,在职,业务,2024-04-01
dbceb0ed469942cd8da3b80c63008b6d,C8775,左金玉,装备一事业群,销售二部,华东大区,华东三区销售二科,华东三区销售二科,王卫芝,浙江省,永康市,在职,业务,2020-11-23
dc75407af84b43f08dd0da48ad186411,C17158,刘子炜,装备一事业群,销售一部,华南大区,华南三区销售三科,华南三区销售三科,李军,广东省,东莞市,在职,业务,2025-12-26
dce001b339cd4e5a94bd5547f6248ed3,C9017,刘学振,装备一事业群,销售一部,华南大区,华南四区销售三科,华南四区销售三科,莫毅敏,广东省,东莞市,在职,业务,2017-09-29
ddcd1b68dcf441df9d84b7b3dd36287c,C17386,贾欣鹏,装备一事业群,销售四部,华北大区②,华北大区②销售三科,华北大区②销售三科,田明明,山西省,太原市,在职,业务,2026-03-10
df6e1ddb7c0e428b838e702d144a83e1,C9012,吴耀棒,装备一事业群,销售一部,华南大区,华南四区销售一科,华南四区销售一科,杨基,广东省,深圳市,在职,业务,2017-07-24
df978bccfb4c452f8949d7a0e0b025b9,C16237,杜颖峰,装备一事业群,销售三部,华北大区①,华北大区①销售一科,华北大区①销售一科三组,关丰连,北京市,北京市,在职,业务,2025-01-11
dfbf8cccc3b2401393597cb6ddecf18a,C17260,王开行,装备一事业群,销售四部,华中大区,华中大区销售一科,华中销售一科,朱恩幸,湖南省,长沙市,在职,业务,2026-01-23
e01995f73c9a4f129cb9a3a9afc896d2,C16469,王霞,装备一事业群,销售二部,华东大区,华东二区销售一科,华东二区销售一科,曹勇,江苏省,无锡市,离职,业务,
e02c8c3f9862461ca5a39f2359fcb096,C3527,肖劼平,装备一事业群,销售一部,华南大区,华南二区销售四科,华南二区销售四科,蔡政,广东省,深圳市,离职,业务,
e16dd9e6a53c486891295b00da880f17,C17599,徐果,装备一事业群,销售四部,西南大区,西南大区销售一科,西南销售一科,李祖桥,四川省,成都市,离职,业务,
e26d9162eba74fd0b7483873f12c9e19,C13429,李友青,装备一事业群,销售一部,华南大区,华南二区销售三科,华南二区销售三科,张进华,广东省,深圳市,在职,业务,2024-03-26
e2b22685192241d0916dbf6d06082844,C7105,蒋淑文,装备一事业群,销售二部,华东大区,华东一区销售一科,华东一区销售一科,夏立华,江苏省,苏州市,在职,业务,2021-09-01
e3ea9533560e42a6940913c99bc13941,C17727,姚静静,装备一事业群,销售一部,华南大区,华南三区销售三科,华南三区销售三科,李军,广东省,东莞市,在职,业务,2026-05-12
e4441e8c570a4b368a3fc591f847d93d,C12244,张寿山,装备一事业群,销售二部,华东大区,华东一区销售二科,华东一区销售二科,董有张,江苏省,昆山市,在职,业务,2022-10-17
e4913ebf28c8481386bc16af52137871,C17686,岳强,装备一事业群,销售三部,华北大区①,华北大区①销售一科,华北大区①销售一科一组,邢立锋,天津市,天津市,在职,业务,2026-05-06
e64d949b2cc04431b34f099008e2d6ab,C17529,杨峻豪,装备一事业群,销售四部,西南大区,西南大区销售一科,西南销售一科,李祖桥,四川省,成都市,在职,业务,2026-04-02
e6e2ab38d37f42f5b1a413b68d5585b0,C9095,杨新杰,装备一事业群,销售一部,华南大区,华南一区销售三科,华南一区销售三科,张德竑,广东省,深圳市,在职,业务,2020-03-19
e6fb0e9313ed478d8f60d9d639adcd2e,C8708,徐敬杰,装备一事业群,销售二部,华东大区,华东二区销售三科,华东二区销售三科,陈琪,江苏省,南通市,在职,业务,2017-06-26
e771111cd73a4e7b97018de95b5974c4,C4672,刘鑫海,装备一事业群,销售一部,华南大区,华南二区销售二科,华南二区销售二科,贺美玲,广东省,深圳市,在职,业务,2021-07-01
e7aad2e5c6c7451d95968db6ab92d8c8,C9010,魏玉平,装备一事业群,销售一部,华南大区,华南三区销售一科,华南三区销售一科,张明,广东省,东莞市,在职,业务,2018-09-22
e7c8453916fc4b2a9ecb954fe0f04a4f,C17840,杨坤,装备一事业群,销售三部,华北大区①,华北大区①销售一科,华北大区①销售一科一组,邢立锋,天津市,天津市,离职,业务,
e8ba2b6d881c470bbd80160b950dd969,C17901,骆浩,装备一事业群,销售四部,华中大区,华中大区销售二科,华中销售二科,马琳,湖北省,武汉市,在职,业务,2026-06-09
e94894a77bea48368bd2aa620e2b9b9d,C11111,蒋立国,装备一事业群,销售一部,华南大区,华南二区销售四科,华南二区销售四科,蔡政,广东省,深圳市,在职,业务,2022-01-18
eb8c8039924a4485896bd8c11e2c8f1a,C9080,朱志远,装备一事业群,销售一部,华南大区,华南二区销售三科,华南二区销售三科,张进华,广东省,深圳市,在职,业务,2019-02-23
eeb4a9023a4542ff88cdf83ebbdb7513,C8692,章俊奇,装备一事业群,销售二部,华东大区,华东一区销售二科,华东一区销售二科,董有张,上海市,上海市,在职,业务,2012-12-13
eef653fe0f6649cb92f91e3efc51d7d5,C9133,原孝林,装备一事业群,销售四部,华北大区②,华北大区②销售一科,华北大区②销售一科,石瑛,山东省,威海市,在职,业务,2017-11-02
ef4b1664730b4e0f9a7067a53efa5a56,C17482,邝惠,装备一事业群,销售一部,华南大区,华南四区销售二科,华南四区销售二科,王敏,广东省,深圳市,在职,业务,2026-03-24
ef629b97317b4682a55a2bfdb210fca1,C10441,毕仪成,装备一事业群,销售二部,华东大区,华东二区销售二科,华东二区销售二科,韦金洋,江苏省,镇江市,在职,业务,2021-07-08
efa58119ad8745ba8cbe97a13b2f2c89,C16672,周少鹏,装备一事业群,销售二部,华东大区,华东一区销售二科,华东一区销售二科,董有张,江苏省,昆山市,在职,业务,2025-03-04
efc9970204db405e94b18e0d3a918209,C8560,袁琦,装备一事业群,销售一部,华南大区,华南二区销售四科,华南二区销售四科,莫帮汉,广东省,东莞市,在职,业务,2012-02-20
eff6a6650f4248a89a35074f9c958b42,C16680,赵梦雨,装备一事业群,销售二部,华东大区,华东三区销售二科,华东三区销售二科,王卫芝,浙江省,温州市,在职,业务,2026-01-01
f048f4848a3d408a8654851c5461dfb7,C12667,胡焕,装备一事业群,销售四部,华中大区,华中大区销售二科,华中销售二科,马琳,湖北省,黄石市,在职,业务,2023-04-21
f061326659464ea5bdb34c2c69ab9c30,C17256,张涛,装备一事业群,销售四部,华中大区,华中大区销售二科,华中销售二科,马琳,湖北省,襄阳市,离职,业务,
f07dabcb6bba4c85b39fc555200e6d0c,F17387,孙继澳,装备一事业群,销售四部,华北大区②,华北大区②销售二科,华北大区②销售二科,胡封玺,河南省,郑州市,在职,业务,2026-03-10
f0a813aeb58f4dbea8c46b2806f41706,C0639,黄宏滔,装备一事业群,销售一部,华南大区,华南二区销售一科,华南二区销售一科,王阵,广东省,深圳市,在职,业务,2026-06-01
f1937bd2b2844d61a0532ff7e940d890,C8710,张涛,装备一事业群,销售二部,华东大区,华东一区销售一科,华东一区销售一科,夏立华,江苏省,苏州市,在职,业务,2017-08-14
f1d73eafa139423cbabe7c6946da834c,C17248,胡孝宇,装备一事业群,销售一部,华南大区,华南三区销售二科,华南三区销售二科,吴忠祥,广东省,东莞市,在职,业务,2026-01-20
f1dae7bcfd3e4bdcb27bcc4ba25c6a2d,C9143,李猛,装备一事业群,销售一部,华南大区,华南二区销售二科,华南二区销售二科,贺美玲,广东省,深圳市,在职,业务,2017-07-18
f2c1c60c49d44f02a8e9af5ed0d99ae2,C17583,唐仕华,装备一事业群,销售四部,西南大区,西南大区销售一科,西南销售一科,李祖桥,四川省,成都市,在职,业务,2026-04-08
f2e2ae7118954e8ba2cd9b3047578689,C10914,夏清林,装备一事业群,销售一部,华南大区,华南四区销售三科,华南四区销售三科,莫毅敏,广东省,东莞市,在职,业务,2021-12-02
f2f3438faee1445d844fbd0832207178,C17626,肖文杰,装备一事业群,销售一部,华南大区,华南三区销售一科,华南三区销售一科,张明,广东省,东莞市,在职,业务,2026-04-16
f45bdef7b08c423f9a2c535737898b95,C9106,薛源祥,装备一事业群,销售四部,华北大区②,华北大区②销售二科,华北大区②销售二科,胡封玺,河南省,郑州市,在职,业务,2019-07-05
f5005cb7c37f4bb99096c603bd8eea43,C9151,叶军,装备一事业群,销售一部,华南大区,华南二区销售四科,华南二区销售四科,蔡政,广东省,深圳市,在职,业务,2020-12-15
f7448875be7540b9b79aedee85c533b0,C18039,蔡舒,装备一事业群,销售一部,华南大区,华南二区销售三科,华南二区销售三科,张进华,广东省,深圳市,离职,业务,
f7a104b28bca44b3aaba3a9aa6fd2af2,C8697,袁刚新,装备一事业群,销售二部,华东大区,华东二区销售二科,华东二区销售二科,韦金洋,江苏省,常州市,在职,业务,2015-05-11
f7b856aeff584494957c66ee75bd479c,C16745,周全凤,装备一事业群,销售四部,华中大区,华中大区销售二科,华中销售二科,马琳,湖北省,十堰市,在职,业务,2025-07-29
f8817c3fd8db4576bd985a6d60233ae0,C9028,彭一成,装备一事业群,销售一部,华南大区,华南二区销售一科,华南二区销售一科,王阵,广东省,深圳市,在职,业务,2020-10-15
f926333f435f4692bf3bf646cba3315a,C9051,李家胜,装备一事业群,销售三部,华北大区①,华北大区①销售一科,华北大区①销售一科二组,李坤,天津市,天津市,在职,业务,2018-03-09
f9a38cde38254f6b99fb3c0001bade35,C17808,徐亮,装备一事业群,销售四部,华中大区,华中大区销售三科,华中销售三科,马琳,江西省,江西市,在职,业务,2026-05-26
f9cc472f0c0748cf9de58661587ee461,C16381,刘央央,装备一事业群,销售二部,华东大区,华东三区销售三科,华东三区销售三科,何昌雷,浙江省,绍兴市,离职,业务,
fb23af8cd62c4c93878783ae93e7abfc,C13434,刘喜,装备一事业群,销售一部,华南大区,华南二区销售四科,华南二区销售四科,蔡政,广东省,东莞市,在职,业务,2024-03-27
fbd408bd59674fc4ba1f5942b859138b,C8921,卫新欣,装备一事业群,销售二部,华东大区,华东二区销售三科,华东二区销售三科,陈琪,江苏省,靖江市,在职,业务,2019-12-18
fcab07424eab4cd1899254858a5174bb,C17586,吴国彬,装备一事业群,销售二部,华东大区,华东三区销售三科,华东三区销售三科,何昌雷,浙江省,杭州市,在职,业务,2026-04-08
fd1602827d4741be892caa04be30e50a,C13480,陈珺珺,装备一事业群,销售一部,华南大区,华南二区销售四科,华南二区销售四科,蔡政,广东省,深圳市,离职,业务,
fdc2a0263f83467ea41660e1a0990b4f,C8688,何贤钦,装备一事业群,销售二部,华东大区,华东一区销售二科,华东一区销售二科,董有张,江苏省,昆山市,在职,业务,2009-03-02
fe11e21ef5b043cba0fb98c61580b921,C18002,周广瑞,装备一事业群,销售四部,华北大区②,华北大区②销售一科,华北大区②销售一科,梁吉骁,山东省,济宁市,在职,业务,2026-06-26
