ZPROD_NAME,ZPROD_TYPE
A-D14MIA,通用钻攻机
A-D21MIA,通用钻攻机
B-1580,精雕机
B-330-2,多通道高速加工中心
B-3502,玻璃机
B-3502A,玻璃机
B-400-2Y,多头高速加工中心
B-400E,单头高速加工中心
B-400E-2,多通道高速加工中心
C-1000,单头高速加工中心
B-400F-2D,精雕机
B-430-2D,精雕机
B-500-2,玻璃机
B-540E,精雕机
B-540Z,精雕机
B-550,玻璃机
B-550E,单头高速加工中心
B-550E-2,玻璃机
B-600A,玻璃机
B-600A-B,玻璃机
B-700,精雕机
B-700-2C,玻璃机
B-700/2,玻璃机
B-700/2C,玻璃机
B-7002,玻璃机
B-7002C,玻璃机
B-700E-2,玻璃机
B-700P,玻璃机
B-800-3,玻璃机
B-8002,玻璃机
B-400E-2D,多通道高速加工中心
B-800E-2D,精雕机
B-800E-3,精雕机
B-800E-4,精雕机
B-800E-4-100,玻璃机
B-800E-4-80,精雕机
B-800E-4C,精雕机
B-800S,精雕机
B-850E,精雕机
B-8004,多头高速加工中心
B-850E-2,多头高速加工中心
B-850E-4,精雕机
B-DHY,玻璃机
B-850E-3,多头高速加工中心
C-1000-4,多头高速加工中心
C-1100-3,精雕机
C-1100-4,多头高速加工中心
C-1200-4,多头高速加工中心
C-1200-6,多头高速加工中心
C-1206,单头高速加工中心
C-1375,精雕机
C-1375-2,精雕机
C-1507,精雕机
C-100-4,多头高速加工中心
C-1510S,精雕机
C-2080,单头高速加工中心
C-400,精雕机
C-1510,单头高速加工中心
C-400-2D,多通道高速加工中心
C-400-3D,多通道高速加工中心
C-400-4D,精雕机
C-400-2,多头高速加工中心
C-400E-2D,多通道高速加工中心
C-400E,单头高速加工中心
C-400F-2D,精雕机
C-500,单头高速加工中心
C-500-2D,多头高速加工中心
C-545-3D,多通道高速加工中心
C-550E,单头高速加工中心
C-550E-2D,多通道高速加工中心
C-560-2D,多通道高速加工中心
C-650,雕铣机
C-650-2,精雕机
C-700,单头高速加工中心
C-700-2,多头高速加工中心
C-400E-3D,多通道高速加工中心
C-745E-2D,多通道高速加工中心
C-750E,精雕机
C-750E-2D,精雕机
C-800E-3,精雕机
C-800E-4,多头高速加工中心
C-850-2,精雕机
C-850E-2D,多头高速加工中心
C-850E-3D,多通道高速加工中心
C-860,精雕机
C-860E,精雕机
C-870,雕铣机
C-M540,精雕机
C-700-2D,多通道高速加工中心
C6140A-1000,车床
C6140D,车床
CCM-A,精雕机
C-M650,单头高速加工中心
CCM-C,精雕机
CK400,车床
CN6240A,车床
CQ-500S,通用钻攻机
CS6140,车床
CS6140D,车床
CTX1250TC,五轴
CW-1060L,立加
CW-V1055S,立加
CW-V1165S,立加
CW-V1270S,立加
CW-V856S,立加
CX-1165A,立加
CX-1165M,立加
CX-1270A,立加
CX-856A,立加
CX-856H,立加
D-L25,车床
D-L35,车床
D-L35M,车床
D-L35P,车床
D-L35Y,车床
D-L45,车床
D-L4505,车床
D-L45MP,车床
D-L45YP,车床
D-VL1250C,车床（立车）
D-VL1600C,车床
D-VL650,车床（立车）
D-VL650M,车床（立车）
D-VL800,车床（立车）
D-WVL700,车床（立车）
DH-100S,卧加
DH-50,卧加
DH-63,卧加
DH-63S,卧加
DH-80,卧加
DH-80SQ,卧加
DH-80ST,卧加
DM-42-6P,扫光机
DSV86,立加
DT-40,立加
DT-50,立加
DT-500,通用钻攻机
DT-55,立加
DT-600,通用钻攻机
DT-65,立加
DT-700,通用钻攻机
DT-V55,立加
DT-V65,立加
E-V8,立加
F1,3C钻攻机
FANUC小型加工中心,通用钻攻机
FH-100P,五轴
FH-100P-C,五轴
FH-135P,五轴
FH-135P-C,五轴
FH-160P,五轴
FH-210P,五轴
FH-60P,五轴
FH-60P-C,五轴
FH-80P,五轴
FH-80P-C,五轴
G-1520R1,龙门机
G-1930R1,龙门机
G-2330R2,龙门机
G-B2030,龙门机
G-BU2560,龙门机
G-M2015X,型材机
G-M2030L,型材机
G-M2030U,型材机
G-M2518L,型材机
G-R1520B,龙门机
G-R1530B,龙门机
G-R1530Z,龙门机
G-R1540B,龙门机
G-R1830B,龙门机
G-R2030B,龙门机
G-R2040B,龙门机
G-R2040Z,龙门机
G-R2340B,龙门机
G-R2540B,龙门机
G-R2540Z,龙门机
G-R2560B,龙门机
G-R2560Z,龙门机
G-R3040B,龙门机
G-R3050Z,龙门机
G-R3060Z,龙门机
G-R3080B,龙门机
G-R3480H,龙门机
G-T1220A,龙门机
G-T1220B,龙门机
G-T1225A,龙门机
G-T1225B,龙门机
G-T1230B,龙门机
G-T1630A,龙门机
G-T1630B,龙门机
G-T1730A,龙门机
G-V1013,龙门机
G-V1015,龙门机
G-V1018A,龙门机
G-V1018B,龙门机
G-V1018C,龙门机
G-V1080,龙门机
G-V1218D,龙门机
G-V1220A,龙门机
G-V1220B,龙门机
G-V1220C,龙门机
G-V1220D,龙门机
G-V1225A,龙门机
G-V1225B,龙门机
G-V1225C,龙门机
G-V1225D,龙门机
G-V1230A,龙门机
G-V1230B,龙门机
G-V1230C,龙门机
G-V1230D,龙门机
G-V1520A,龙门机
G-V1520B,龙门机
G-V1520C,龙门机
G-V1525C,龙门机
G-V1530,龙门机
G-V1530A,龙门机
G-V1530B,龙门机
G-V1530C,龙门机
G-V1530Z,龙门机
G-V1540A,龙门机
G-V1540B,龙门机
G-V1630A,龙门机
G-V1630B,龙门机
G-V1630D,龙门机
G-V1730A,龙门机
G-V1830B,龙门机
G-V1840B,龙门机
G-V1840Z,龙门机
G-V2012,龙门机
G-V2016,龙门机
G-V2030B,龙门机
G-V2030Z,龙门机
G-V2040A,龙门机
G-V2040B,龙门机
G-V2040C,龙门机
G-V2040Z,龙门机
G-V2060B,龙门机
G-V2060Z,龙门机
G-V2530A,龙门机
G-V2530B,龙门机
G-V2540B,龙门机
G-V2540C,龙门机
G-V2540Z,龙门机
G-V2550B,龙门机
G-V2550C,龙门机
G-V2550Z,龙门机
G-V2560B,龙门机
G-V2640B,龙门机
G-V3050B,龙门机
G-V3060B,龙门机
G-V3060Z,龙门机
G-V3080B,龙门机
G-V3540,龙门机
G-VU1220,龙门机
G-VU1530,龙门机
G-VU2540,龙门机
GM-540,精雕机
GM-600,精雕机
H-100,卧加
H-1560U,五轴
H-630S,卧加
H-63A,卧加
HBM-B,玻璃机
HBM-C,玻璃机
HBM-D,玻璃机
HLS-36A车床,车床
HMC-63,卧加
HPS-46L,车床
HPT08-380,车床
T-500S PLUS,3C钻攻机
HS430L,玻璃机
J7,卧加
J9,卧加
K-V1055S,立加
K-V1300S,立加
K-V3040B,龙门机
K-V856(12),立加
K-V856S,立加
K-V856S4X,立加
K-V856ST,立加
K8,卧加
KH-SGJ-1300-X8,扫光机
L-25C,车床
L-25H,车床
L-25M,车床
L-25Y,车床
L-35H,车床
L-35HD,车床
L-35HP,车床
L-35M,车床
L-35MSY,车床
L-35Y,车床
L-45H,车床
L-45HP,车床
L-45M,车床
L-45MP,车床
L-45YP,车床
L-46SDY2,车床
L-6180,车床
L-G30C,车床
L-P36G,车床
L-P400,车床
L-P46G,车床
L-P46Y,车床
L-P52G,车床
L-P6150,车床
L-P6163,车床
L-V160C,车床
L-V80,车床
L-V856S,立加
L-WV70,车床（立车）
LG-260U,五轴
LP46,车床
LS-205II,走心机
LS-385II,走心机
MAXGRUPP-T-V1270S,立加
MC20-01-FD11-0000,多关节机械人
NMK800,立加
P-1200A-43D扫光机,扫光机
P2000X,五轴
Q7,卧加
Q8MSY 500L,车床
S-450,高光机
HQ5,赫勒
S8,五轴
ST-203I,走心机
ST-203II,走心机
ST-205I,走心机
ST-205II,走心机
ST-206,走心机
ST-265I,走心机
ST-265II,走心机
ST-265Ⅰ,五轴
ST-266,走心机
ST-323II,走心机
ST-325I,走心机
ST-325II,走心机
ST-385II,走心机
ST-386II,走心机
ST-426,车床
T-10,立加
T-1000,通用钻攻机
T-1000S,通用钻攻机
T-1060L,立加
T-1165LM,立加
T-12,立加
T-1200,通用钻攻机
T-1200S,通用钻攻机
T-1250-2,多头高速加工中心
T-1260L,立加
T-1300,通用钻攻机
T-1370G,立加
T-1370LM,立加
T-1375L,立加
T-1475,立加
T-1475L,立加
T-15,立加
T-1585L,立加
T-1600,通用钻攻机
T-1600S,通用钻攻机
T-1685L,立加
T-18,立加
T-1800,立加
T-18L,立加
T-2000,通用钻攻机
T-2500,型材机
T-260U,五轴
T-265Ⅱ,车床
T-500,通用钻攻机
T-500 PLUS,3C钻攻机
T-500 ULTRA,3C钻攻机
CCM-A-400,停售机型
T-500A,3C钻攻机
T-500B,3C钻攻机
T-500B Plus,3C钻攻机
T-500BH,3C钻攻机
T-500BPlus,3C钻攻机
T-500E PLUS,3C钻攻机
T-500H,通用钻攻机
T-500Plus,3C钻攻机
T-500S,3C钻攻机
T-1370L,立加
T-500SE,通用钻攻机
T-500U,小五轴
T-5040-2,多头高速加工中心
T-520-S,通用钻攻机
T-530,3C钻攻机
T-600B,通用钻攻机
T-600S,通用钻攻机
T-600SE,通用钻攻机
T-600UMT,通用钻攻机
T-6050-2,多头高速加工中心
T-700,通用钻攻机
T-700-2D,多通道高速加工中心
T-700B,通用钻攻机
T-700S,通用钻攻机
T-700S Plus,通用钻攻机
T-700SE,通用钻攻机
T-8,立加
T-800,通用钻攻机
T-800-2,多头高速加工中心
T-800S,通用钻攻机
T-800X,通用钻攻机
T-850LM,立加
T-856L,立加
T-8L,立加
T-H11,卧加
T-H11A,卧加
T-H11C,卧加
T-H11D,卧加
T-H13,卧加
T-H8,卧加
T-U320,立加
T-V1055M,立加
T-V1055S,立加
T-V1060,立加
T-V1165H,立加
T-V1165M,立加
T-V1165S,立加
T-V1260,立加
T-V1265S,立加
T-V1270S,立加
T-V1285W,立加
T-V1300,立加
T-V1370M,立加
T-V1370S,立加
T-V1375S,立加
T-V1475,立加
T-V1475S,立加
T-V1580S,立加
T-V1585S,立加
T-V16,立加
T-V1685S,立加
T-V18,立加
T-V20,立加
T-V2500,型材机
T-V2500S,型材机
T-V3000,型材机
T-V320U,小五轴
T-V320UA,小五轴
T-V4500,型材机
T-V6,立加
T-V6500,型材机
T-V850,立加
T-V850M,立加
T-V855,立加
T-V855S,立加
T-V856,立加
T-V856F,立加
T-V856H,立加
T-V856P,立加
T-V856S,立加
T-V857S,立加
T-V870W,立加
T-VB2500,型材机
T-VP1265,立加
T-VP955,立加
S-600U,五轴
T8C,通用钻攻机
TQ-125,车床
TS1270,立加
TVS1270,立加
V-200U,五轴
V-200US,五轴
V-260U,五轴
V-400U,五轴
V-500U,五轴
V-650U,五轴
V-800U,五轴
T5C,赫勒
ZF-1165J,立加
ZF-1165LM,立加
ZF-1260L,立加
ZF-1270J,立加
ZF-870J,立加
G-V3223,龙门机
G-V4233,龙门机
T-500-2D,多通道高速加工中心
D-L35（M/Y/P）,车床
D-L3505（10/15（M））,车床
D-L45（M/Y/P）,车床
D-L4505（10/15（M））,车床
D-VL1250S/C(M),车床
D-VL1600S/C(M),车床
D-VL500（M）,车床
D-VL650/S(M),车床
D-VL800（M）,车床
DH-63S PLUS,卧加
DH-80S,卧加
ES-9,卧加
HQ6,赫勒
J16,卧加
S-400U,五轴
VQ3,赫勒
C-450,高光机
T-500X,通用钻攻机
T-700A,通用钻攻机
C-500-3D,多通道高速加工中心
C-500H-3D,多头高速加工中心
G-M32120H,龙门机
G-R2660H,龙门机
G-T2340H,龙门机
G-V2050B,龙门机
G-V2560Z,龙门机
HT-V1270S,立加
T-500S Plus,3C钻攻机
T-V3500,型材机
T-V856SE,立加
TS856,立加
HT-500B,3C钻攻机
HG-V2040Z,龙门机
HG-V2540Z,龙门机
HG-V2550Z,龙门机
HT-500S,3C钻攻机
HT-600B,通用钻攻机
HT-700B,通用钻攻机
HT-700S,通用钻攻机
HT-800S,通用钻攻机
HT-V1165S,立加
HT-V850M,立加
HT-V856S,立加
LG-350U,五轴
LH35,车床
LM35,车床
T-500B-1,3C钻攻机
T-600X,通用钻攻机
T-750X,通用钻攻机
