SalesCode,SalesName,ForgName,SalesDept,Area,Fdept_add,SupervisorName,Province,AffiliationCity,entrydate,grade,EmploymentStatus,User_role,Sales_Employment_Date
C8737,张相阳,装备一事业群,销售二部,华东大区,华东三区销售一科,刘小晚,浙江省,台州市,2020-12-01,03等,在职,业务,2019-12-03
C11815,余勇,装备一事业群,销售四部,西南大区,西南大区销售一科,李祖桥,四川省,宜宾市,2022-04-28,02等,在职,业务,2022-04-28
C17007,刘吉,装备一事业群,销售四部,华中大区,华中大区销售二科,马琳,湖北省,十堰市市,2025-11-13,03等,在职,业务,2025-11-13
C8691,韦留,装备一事业群,销售二部,华东大区,华东一区项目销售二科,徐卫东,江苏省,苏州市,2020-12-01,07等,在职,业务,2012-09-07
C13424,张昊晨,装备一事业群,销售二部,华东大区,华东三区销售一科,刘小晚,浙江省,宁波市,2024-03-26,03等,在职,业务,2024-03-26
C17954,张占永,装备一事业群,销售三部,华北大区①,华北大区①销售一科,张金涛,河北省,邢台市,2026-06-18,03等,在职,业务,2026-06-18
C8625,吕怀山,装备一事业群,销售二部,华东大区,华东三区销售三科,徐卫东,浙江省,湖州市,2020-11-01,10等,在职,管理领导,2015-03-21
C9151,叶军,装备一事业群,销售一部,华南大区,华南二区销售四科,蔡政,广东省,深圳市,2021-01-01,03等,在职,业务,2020-12-15
F17105,周潇宇,装备一事业群,销售一部,华南大区,华南一区销售二科,余道兴,广东省,东莞市,2025-12-16,03等,在职,业务,2025-12-16
C17167,邹桦之,装备一事业群,销售一部,华南大区,华南三区销售三科,李军,广东省,东莞市,2025-12-27,03等,在职,业务,2025-12-26
C17819,王强,装备一事业群,销售四部,华中大区,华中大区销售二科,马琳,湖北省,武汉市,2026-05-27,03等,在职,业务,2026-05-27
C12667,胡焕,装备一事业群,销售四部,华中大区,华中大区销售二科,马琳,湖北省,黄石市,2023-04-21,03等,在职,业务,2023-04-21
C17177,符鹏,装备一事业群,销售四部,华北大区②,华北大区②销售三科,田明明,陕西省,宝鸡市,2025-12-27,03等,在职,业务,2025-12-26
C0158,陈重儒,装备一事业群,销售一部,华南大区,华南二区销售四科,蔡政,广东省,深圳市,2011-06-18,03等,在职,业务,2021-01-15
C9076,王芝润,装备一事业群,销售一部,华南大区,华南二区销售一科,王阵,广东省,深圳市,2021-01-01,04等,在职,业务,2017-07-04
C13310,叶余斌,装备一事业群,销售四部,华中大区,华中大区销售三科,马琳,江西省,抚州市,2024-03-06,06等,在职,业务,2024-03-06
C8994,张明,装备一事业群,销售一部,华南大区,华南三区销售一科,李军,广东省,东莞市,2021-01-01,07等,在职,业务,2016-09-09
C9000,蔡政,装备一事业群,销售一部,华南大区,华南二区销售四科,莫帮汉,广东省,深圳市,2021-01-01,07等,在职,业务,2011-07-19
C18615,邹浴锋,装备一事业群,销售一部,华南大区,华南三区销售一科,张明,广东省,东莞市,2026-09-01,03等,在职,业务,2026-09-01
C8562,赵国斌,装备一事业群,销售一部,华南大区,华南四区销售三科,廖勇,广东省,东莞市,2020-11-01,08等,在职,业务,2016-10-31
C17586,吴国彬,装备一事业群,销售二部,华东大区,华东三区销售三科,何昌雷,浙江省,杭州市,2026-04-08,03等,在职,业务,2026-04-08
C12651,刘志聪,装备一事业群,销售一部,华南大区,华南一区销售一科,何雪辉,广东省,惠州市,2023-03-24,03等,离职,业务,
C8776,杨朝恩,装备一事业群,销售二部,华东大区,华东三区销售一科,刘小晚,浙江省,台州市,2020-12-01,05等,在职,业务,2020-11-30
C0639,黄宏滔,装备一事业群,销售一部,华南大区,华南二区销售一科,王阵,广东省,深圳市,2013-08-06,04等,在职,业务,2026-06-01
C17066,曾炽文,装备一事业群,销售一部,华南大区,华南一区销售三科,张德竑,广东省,深圳市,2025-12-09,03等,离职,业务,
C17810,王恒,装备一事业群,销售二部,华东大区,华东二区销售二科,韦金洋,江苏省,常州市,2026-05-26,03等,在职,业务,2026-05-26
C4672,刘鑫海,装备一事业群,销售一部,华南大区,华南二区销售二科,贺美玲,广东省,深圳市,2017-04-20,05等,在职,业务,2021-07-01
C17159,刘玮,装备一事业群,销售一部,华南大区,华南五区销售二科,金鑫,广东省,佛山市,2025-12-27,03等,在职,业务,2025-12-26
C17482,邝惠,装备一事业群,销售一部,华南大区,华南四区销售二科,王敏,广东省,深圳市,2026-03-24,03等,在职,业务,2026-03-24
C8557,廖勇,装备一事业群,销售一部,华南大区,华南四区销售一科,蔡万峰,广东省,东莞市,2020-11-01,09等,在职,管理领导,2010-03-17
C13426,渠雯,装备一事业群,销售一部,华南大区,华南二区销售三科,张进华,广东省,深圳市,2024-03-26,03等,在职,业务,2024-03-26
C3527,肖劼平,装备一事业群,销售一部,华南大区,华南二区销售四科,蔡政,广东省,深圳市,2016-06-17,03等,离职,业务,
C8628,杨江东,装备一事业群,销售二部,华东大区,华东一区销售一科,夏立华,江苏省,苏州市,2020-11-25,03等,在职,业务,2020-11-25
C8750,秦江波,装备一事业群,销售二部,华东大区,华东一区项目销售二科,徐卫东,江苏省,昆山市,2020-12-01,08等,在职,业务,2020-05-26
C9055,李洪福,装备一事业群,销售三部,华北大区①,华北大区①销售二科,李坤,辽宁省,大连市,2021-01-01,06等,在职,业务,2017-11-09
C11111,蒋立国,装备一事业群,销售一部,华南大区,华南二区销售四科,蔡政,广东省,深圳市,2022-01-18,05等,在职,业务,2022-01-18
C16469,王霞,装备一事业群,销售二部,华东大区,华东二区销售一科,曹勇,江苏省,无锡市,2025-04-16,02等,离职,业务,
C13335,任家坤,装备一事业群,销售一部,华南大区,华南三区销售三科,李军,广东省,东莞市,2024-03-11,03等,在职,业务,2024-03-11
C0352,姚广生,装备一事业群,销售一部,华南大区,华南二区销售一科,王阵,广东省,深圳市,2012-10-15,03等,在职,业务,2022-09-01
C13429,李友青,装备一事业群,销售一部,华南大区,华南二区销售三科,张进华,广东省,深圳市,2024-03-26,03等,在职,业务,2024-03-26
C17207,宋国强,装备一事业群,销售二部,华东大区,华东一区项目销售一科,何嘉原,江苏省,苏州市,2026-01-06,03等,离职,业务,
C17839,张嵛,装备一事业群,销售四部,西南大区,西南大区销售一科,李祖桥,四川省,成都市,2026-06-02,03等,在职,业务,2026-06-02
C18609,李卓,装备一事业群,销售一部,华南大区,华南一区销售二科,杨新杰,广东省,东莞市,2026-09-01,03等,在职,业务,2026-09-01
C9036,杨磊,装备一事业群,销售四部,西南大区,西南大区销售二科,吴丽平,重庆市,重庆市,2021-01-01,03等,在职,业务,2020-07-24
C17247,罗少波,装备一事业群,销售二部,华东大区,华东三区销售一科,刘小晚,浙江省,宁波市,2026-01-20,03等,在职,业务,2026-01-20
C17610,严嘉威,装备一事业群,销售二部,华东大区,华东三区销售二科,王卫芝,浙江省,温州市,2026-04-14,03等,在职,业务,2026-04-14
C9072,朱飞雄,装备一事业群,销售一部,华南大区,华南二区销售四科,蔡政,广东省,东莞市,2021-01-01,04等,在职,业务,2016-09-08
C16380,晋云龙,装备一事业群,销售四部,华中大区,华中大区销售二科,马琳,湖北省,武汉市,2025-03-04,05等,在职,业务,2025-03-04
C18158,彭志炜,装备一事业群,销售一部,华南大区,华南二区销售一科,王阵,广东省,深圳市,2026-07-14,03等,在职,业务,2026-07-14
C9099,邢立锋,装备一事业群,销售三部,华北大区①,华北大区①销售一科,李坤,天津市,天津市,2021-01-01,08等,在职,业务,2014-06-01
C9108,奉友斌,装备一事业群,销售一部,华南大区,华南二区销售四科,蔡政,广东省,东莞市,2021-01-01,03等,在职,业务,2018-08-08
C17817,曾柏霖,装备一事业群,销售一部,华南大区,华南五区销售二科,金鑫,广东省,佛山市,2026-05-27,03等,在职,业务,2026-05-27
C9071,刘为晖,装备一事业群,销售一部,华南大区,华南一区销售三科,张德竑,广东省,深圳市,2021-01-01,04等,在职,业务,2016-05-11
C17807,周歆,装备一事业群,销售二部,华东大区,华东二区销售二科,韦金洋,江苏省,常州市,2026-05-26,03等,在职,业务,2026-05-26
C8558,丘伟星,装备一事业群,销售一部,华南大区,华南五区销售一科,蔡万峰,广东省,中山市,2020-11-01,08等,在职,管理领导,2011-04-07
C9669,邓志梅,装备一事业群,销售一部,华南大区,华南四区销售一科,杨基,广东省,深圳市,2021-03-12,02等,在职,业务,2021-11-22
C10967,刘瑶,装备一事业群,销售一部,华南大区,华南一区销售三科,张德竑,广东省,深圳市,2021-12-13,02等,在职,业务,2021-12-13
C10059,曹培培,装备一事业群,销售二部,华东大区,华东三区销售一科,刘小晚,浙江省,宁波市,2021-05-18,04等,在职,业务,2021-05-18
C8693,钟红梅,装备一事业群,销售二部,华东大区,华东一区销售二科,董有张,江苏省,昆山市,2020-12-01,06等,在职,业务,2013-04-18
C9013,郑健,装备一事业群,销售一部,华南大区,华南四区销售三科,莫毅敏,广东省,东莞市,2021-01-01,04等,在职,业务,2016-04-20
C17176,张哲,装备一事业群,销售四部,华北大区②,华北大区②销售三科,田明明,陕西省,西安市,2025-12-27,03等,在职,业务,2025-12-26
C17990,董浩,装备一事业群,销售二部,华东大区,华东三区销售三科,何昌雷,浙江省,嘉兴市,2026-06-25,03等,在职,业务,2026-06-25
C11030,李丽华,装备一事业群,销售一部,华南大区,华南二区销售四科,蔡政,广东省,深圳市,2021-12-28,02等,在职,业务,2021-12-28
C17127,张帅,装备一事业群,销售一部,华南大区,华南三区销售一科,张明,广东省,东莞市,2025-12-18,03等,离职,业务,
C15293,朱国庆,装备一事业群,销售二部,华东大区,华东三区销售一科,刘小晚,浙江省,台州市,2024-06-19,02等,在职,业务,2024-06-19
C9111,朱汉英,装备一事业群,销售一部,华南大区,华南二区销售三科,张进华,广东省,深圳市,2021-01-01,04等,在职,业务,2019-03-05
F17581,李思瀚,装备一事业群,销售四部,华北大区②,华北大区②销售一科,梁吉骁,山东省,济宁市,2026-04-08,03等,在职,业务,2026-04-08
C17238,霍启,装备一事业群,销售二部,华东大区,华东三区销售三科,何昌雷,浙江省,杭州市,2026-01-09,03等,在职,业务,2026-01-08
C8880,徐雷,装备一事业群,销售四部,华中大区,华中大区销售二科,马琳,湖北省,襄阳市,2021-01-01,06等,在职,业务,2020-09-01
C8710,张涛,装备一事业群,销售二部,华东大区,华东一区销售一科,夏立华,江苏省,苏州市,2020-12-01,05等,在职,业务,2017-08-14
C16680,赵梦雨,装备一事业群,销售二部,华东大区,华东三区销售二科,王卫芝,浙江省,温州市,2025-07-17,02等,在职,业务,2026-01-01
C2290,梁德雄,装备一事业群,销售一部,华南大区,华南一区销售三科,张德竑,广东省,深圳市,2015-03-12,03等,在职,业务,2021-09-01
C8694,刘小晚,装备一事业群,销售二部,华东大区,华东三区销售一科,吕怀山,浙江省,宁波市,2020-12-01,08等,在职,业务,2013-11-04
C8695,董有新,装备一事业群,销售二部,华东大区,华东一区项目销售二科,徐卫东,江苏省,苏州市,2020-12-01,07等,在职,业务,2013-12-24
C17189,张翔,装备一事业群,销售一部,华南大区,华南三区销售二科,吴忠祥,广东省,东莞市,2026-01-06,03等,在职,业务,2026-01-06
C8948,陈敏,装备一事业群,销售一部,华南大区,华南五区销售一科,华亮,广东省,中山市,2021-03-03,04等,在职,业务,2021-03-03
C17756,苏圣,装备一事业群,销售一部,华南大区,华南一区销售一科,何雪辉,广东省,惠州市,2026-05-15,03等,在职,业务,2026-05-15
C11885,张敬,装备一事业群,销售一部,华南大区,华南三区销售一科,张明,广东省,东莞市,2022-06-21,03等,在职,业务,2022-06-21
C8982,胡封玺,装备一事业群,销售四部,华北大区②,华北大区②销售二科,张利,河南省,新乡市,2021-01-01,06等,在职,业务,2012-04-08
C10914,夏清林,装备一事业群,销售一部,华南大区,华南四区销售三科,莫毅敏,广东省,东莞市,2021-12-02,02等,在职,业务,2021-12-02
C16672,周少鹏,装备一事业群,销售二部,华东大区,华东一区销售二科,董有张,江苏省,昆山市,2025-07-01,02等,在职,业务,2025-03-04
C9129,马琳,装备一事业群,销售四部,华中大区,华中大区销售二科,叶良红,湖北省,武汉市,2021-01-01,08等,在职,业务,2018-03-29
C17643,黄熏谱,装备一事业群,销售一部,华南大区,华南五区销售二科,金鑫,广东省,广州市,2026-04-21,03等,在职,业务,2026-04-21
C17252,张凯,装备一事业群,销售三部,华北大区①,华北大区①销售一科,李玉鹏,河北省,沧州市,2026-01-20,03等,在职,业务,2026-01-20
C18496,龙少峰,装备一事业群,销售一部,华南大区,华南三区销售二科,吴忠祥,广东省,东莞市,2026-08-14,03等,在职,业务,2026-08-14
C8878,甘晓明,装备一事业群,销售四部,华中大区,华中大区销售二科,马琳,湖北省,荆州市,2021-01-01,02等,在职,业务,2020-11-07
C18610,邵青,装备一事业群,销售二部,华东大区,华东三区销售二科,王卫芝,浙江省,温州市,2026-09-01,03等,在职,业务,2026-09-01
C12941,任向东,装备一事业群,销售四部,华中大区,华中大区销售一科,朱恩幸,湖南省,益阳市,2023-11-07,02等,在职,业务,2023-11-07
C8916,冯春磊,装备一事业群,销售二部,华东大区,华东二区销售一科,曹勇,江苏省,无锡市,2021-01-01,03等,在职,业务,2016-02-25
C9110,夏金友,装备一事业群,销售一部,华南大区,华南三区销售二科,吴忠祥,广东省,东莞市,2021-01-01,04等,在职,业务,2019-03-20
C17160,王世磊,装备一事业群,销售四部,华北大区②,华北大区②销售三科,田明明,陕西省,西安市,2025-12-27,03等,在职,业务,2025-12-26
C12967,阳辉,装备一事业群,销售四部,西南大区,西南大区销售二科,吴丽平,重庆市,重庆市,2023-11-22,03等,在职,业务,2023-11-22
C16381,刘央央,装备一事业群,销售二部,华东大区,华东三区销售三科,何昌雷,浙江省,绍兴市,2025-03-04,03等,离职,业务,
C17887,刘超超,装备一事业群,销售三部,华北大区①,华北大区①销售一科,张金涛,河北省,邢台市,2026-06-06,03等,在职,业务,2026-06-06
C8719,陈文凤,装备一事业群,销售二部,华东大区,华东二区销售二科,韦金洋,安徽省,芜湖市,2020-12-01,07等,在职,业务,2018-06-09
C18001,吴杰,装备一事业群,销售四部,华北大区②,华北大区②销售一科,石瑛,山东省,烟台市,2026-06-26,03等,离职,业务,2026-06-26
C17162,庞丽丽,装备一事业群,销售一部,华南大区,华南一区销售三科,张德竑,广东省,深圳市,2025-12-27,03等,在职,业务,2025-12-26
C17170,袁定,装备一事业群,销售二部,华东大区,华东三区销售三科,何昌雷,浙江省,湖州市,2025-12-27,03等,在职,业务,2025-12-26
C17179,周凯,装备一事业群,销售二部,华东大区,华东二区销售三科,陈琪,江苏省,扬州市,2025-12-29,03等,在职,业务,2025-12-27
C17764,王睿,装备一事业群,销售二部,华东大区,华东三区销售二科,王卫芝,浙江省,温州市,2026-05-16,03等,在职,业务,2026-05-16
C7256,寇宇鹏,装备一事业群,销售二部,华东大区,华东一区销售二科,董有张,江苏省,昆山市,2020-03-24,03等,在职,业务,2020-12-01
C10483,方超峰,装备一事业群,销售一部,华南大区,华南一区销售一科,何雪辉,广东省,惠州市,2021-07-13,02等,在职,业务,2021-07-13
C16886,陈雪枫,装备一事业群,销售四部,华北大区②,华北大区②销售一科,梁吉骁,山东省,济宁市,2025-09-09,04等,在职,业务,2025-09-09
C8623,杨磊,装备一事业群,销售二部,华东大区,华东一区项目销售二科,徐卫东,江苏省,昆山市,2020-11-01,08等,在职,业务,2010-04-01
C8747,周更生,装备一事业群,销售二部,华东大区,华东三区销售二科,王卫芝,浙江省,温州市,2020-12-01,04等,在职,业务,2020-04-27
C9144,张进华,装备一事业群,销售一部,华南大区,华南二区销售三科,蔡万峰,广东省,深圳市,2021-01-01,07等,在职,业务,2010-01-03
C7945,夏天文,装备一事业群,销售二部,华东大区,华东三区销售一科,刘小晚,浙江省,台州市,2020-06-23,03等,在职,业务,2021-05-01
C8980,席丽,装备一事业群,销售四部,华中大区,华中大区销售一科,朱恩幸,湖南省,长沙市,2021-01-01,03等,在职,业务,2019-04-02
C8881,沈静,装备一事业群,销售四部,华中大区,华中大区销售二科,马琳,湖北省,武汉市,2021-01-01,03等,在职,业务,2020-12-04
C17705,李进丰,装备一事业群,销售四部,西南大区,西南大区销售一科,李祖桥,四川省,成都市,2026-05-08,03等,在职,业务,2026-05-08
C8999,高秀专,装备一事业群,销售一部,华南大区,华南二区销售四科,蔡政,广东省,深圳市,2021-01-01,05等,在职,业务,2020-02-27
C8692,章俊奇,装备一事业群,销售二部,华东大区,华东一区销售二科,董有张,上海市,上海市,2020-12-01,04等,在职,业务,2012-12-13
C17092,钟发,装备一事业群,销售一部,华南大区,华南一区销售一科,何雪辉,广东省,惠州市,2025-12-16,03等,离职,业务,
C11445,蔡伟仙,装备一事业群,销售二部,华东大区,华东三区销售一科,刘小晚,浙江省,台州市,2022-02-18,02等,在职,业务,2022-02-18
C8992,穆远甫,装备一事业群,销售一部,华南大区,华南二区销售一科,王阵,广东省,深圳市,2021-01-01,04等,在职,业务,2016-03-23
C9138,刘鸿浩,装备一事业群,销售一部,华南大区,华南四区销售二科,王敏,广东省,东莞市,2021-01-01,03等,在职,业务,2021-03-01
C17528,郑金金,装备一事业群,销售一部,华南大区,华南三区销售三科,李军,广东省,深圳市,2026-04-02,03等,在职,业务,2026-04-02
C17583,唐仕华,装备一事业群,销售四部,西南大区,西南大区销售一科,李祖桥,四川省,成都市,2026-04-08,03等,在职,业务,2026-04-08
C18174,李新龙,装备一事业群,销售一部,华南大区,华南四区销售三科,莫毅敏,广东省,东莞市,2026-07-16,03等,在职,业务,2026-07-16
C16196,陈水森,装备一事业群,销售四部,华中大区,华中大区销售一科,朱恩幸,湖南省,常德市,2025-01-03,03等,在职,业务,2025-01-03
C9070,杨基,装备一事业群,销售一部,华南大区,华南四区销售一科,廖勇,广东省,深圳市,2021-01-01,07等,在职,业务,2014-05-23
C8921,卫新欣,装备一事业群,销售二部,华东大区,华东二区销售三科,陈琪,江苏省,靖江市,2021-01-01,03等,在职,业务,2019-12-18
C13350,刘姝君,装备一事业群,销售一部,华南大区,华南五区销售二科,金鑫,广东省,佛山市,2024-03-12,03等,在职,业务,2024-03-12
C8753,杨铭,装备一事业群,销售二部,华东大区,华东二区销售二科,韦金洋,江苏省,常州市,2020-12-01,03等,在职,业务,2020-06-22
F16571,江吉源,装备一事业群,销售一部,华南大区,华南二区销售二科,贺美玲,广东省,深圳市,2025-06-28,03等,在职,业务,2025-06-28
C9005,章程,装备一事业群,销售四部,东南大区,东南大区,张利,福建省,厦门市,2021-01-01,05等,在职,业务,2019-05-27
C17282,刘锐,装备一事业群,销售四部,华北大区②,华北大区②销售一科,石瑛,山东省,日照市,2026-02-03,03等,在职,业务,2026-02-01
C10798,樊雷青,装备一事业群,销售二部,华东大区,华东三区销售二科,王卫芝,浙江省,温州市,2021-10-22,02等,在职,业务,2021-10-22
C11522,郭照忠,装备一事业群,销售二部,华东大区,华东三区销售三科,何昌雷,浙江省,嘉兴市,2022-02-28,02等,在职,业务,2022-02-28
C0215,徐卫东,装备一事业群,销售二部,华东大区,华东大区,张利,江苏省,苏州市,2005-02-01,11等,在职,管理领导,2005-02-01
C7663,刘照云,装备一事业群,销售二部,华东大区,华东二区销售二科,韦金洋,安徽省,马鞍山市,2020-04-27,02等,在职,业务,2023-03-06
C8715,李水军,装备一事业群,销售二部,华东大区,华东二区销售二科,韦金洋,江苏省,常州市,2020-12-01,04等,在职,业务,2018-03-14
C8920,罗燕飞,装备一事业群,销售二部,华东大区,华东二区销售一科,曹勇,江苏省,无锡市,2021-01-01,03等,在职,业务,2020-03-27
C1416,姚广强,装备一事业群,销售一部,华南大区,华南二区销售三科,张进华,广东省,深圳市,2014-07-09,02等,在职,业务,2022-10-01
C8705,陈作兵,装备一事业群,销售二部,华东大区,华东二区销售二科,韦金洋,江苏省,常州市,2020-12-01,06等,在职,业务,2018-07-24
C9534,张早全,装备一事业群,销售一部,华南大区,华南一区销售二科,余道兴,广东省,东莞市,2021-03-05,02等,在职,业务,2021-03-05
C12990,王洁,装备一事业群,销售一部,华南大区,华南三区销售三科,李军,广东省,东莞市,2023-12-01,03等,在职,业务,2023-12-01
C17640,刘宁,装备一事业群,销售四部,华北大区②,华北大区②销售一科,梁吉骁,山东省,济宁市,2026-04-21,03等,在职,业务,2026-04-22
C18298,张爱武,装备一事业群,销售一部,华南大区,华南四区销售三科,莫毅敏,广东省,东莞市,2026-08-03,03等,在职,业务,2026-08-03
C8704,章俊杰,装备一事业群,销售二部,华东大区,华东一区销售一科,夏立华,江苏省,苏州市,2020-12-01,05等,在职,业务,2017-02-22
C8714,何昌雷,装备一事业群,销售二部,华东大区,华东三区销售三科,吕怀山,浙江省,杭州市,2020-12-01,06等,在职,业务,2018-03-05
C18254,娄卓,装备一事业群,销售四部,华北大区②,华北大区②销售二科,胡封玺,河南省,郑州市,2026-07-21,03等,在职,业务,2026-07-21
C12675,蔡海件,装备一事业群,销售四部,华中大区,华中大区销售一科,朱恩幸,湖南省,衡阳市,2023-04-28,03等,在职,业务,2023-04-28
C11369,潘溥,装备一事业群,销售二部,华东大区,华东二区销售一科,曹勇,江苏省,无锡市,2022-02-16,02等,在职,业务,2022-02-16
C17222,马凯文,装备一事业群,销售二部,华东大区,华东二区销售三科,陈琪,江苏省,扬州市,2026-01-07,03等,离职,业务,
C8622,夏立华,装备一事业群,销售二部,华东大区,华东一区销售一科,徐卫东,江苏省,苏州市,2020-11-01,10等,在职,业务,2006-02-06
C16197,鲁力,装备一事业群,销售四部,华中大区,华中大区销售二科,马琳,湖北省,武汉市,2025-01-04,03等,在职,业务,2025-01-03
C8727,王卫芝,装备一事业群,销售二部,华东大区,华东三区销售二科,王卫芝,浙江省,温州市,2020-12-01,06等,在职,业务,2018-11-07
C9039,周国华,装备一事业群,销售四部,华中大区,华中大区销售一科,朱恩幸,湖南省,长沙市,2021-01-01,03等,在职,业务,2020-03-21
C17755,王尧丙,装备一事业群,销售一部,华南大区,华南三区销售一科,张明,广东省,东莞市,2026-05-15,03等,离职,业务,
C9044,杜美峰,装备一事业群,销售一部,华南大区,华南一区销售二科,余道兴,广东省,东莞市,2021-01-01,03等,在职,业务,2019-11-16
C17416,刘乐,装备一事业群,销售四部,华中大区,华中大区销售二科,马琳,湖北省,武汉市,2026-03-12,03等,在职,业务,2026-03-12
C17479,张杰（华北）,装备一事业群,销售四部,华北大区②,华北大区②销售一科,石瑛,山东省,烟台市,2026-03-24,03等,离职,业务,
C17687,艾刚,装备一事业群,销售四部,华北大区②,华北大区②销售一科,梁吉骁,山东省,济宁市,2026-05-06,05等,在职,业务,2026-05-06
C12768,张程浩,装备一事业群,销售一部,华南大区,华南二区销售三科,张进华,广东省,深圳市,2023-07-11,03等,在职,业务,2023-07-11
C13221,赵子豪,装备一事业群,3C事业部,3C营销中心,华南3C,叶良红,广东省,深圳市,2024-02-23,05等,异动,业务,
C9077,徐晶,装备一事业群,销售一部,华南大区,华南一区销售一科,何雪辉,广东省,惠州市,2021-01-01,03等,在职,业务,2014-05-04
C8922,李杰,装备一事业群,销售二部,华东大区,华东二区销售一科,曹勇,江苏省,无锡市,2021-01-01,03等,在职,业务,2018-06-01
C11874,齐苇,装备一事业群,销售二部,华东大区,华东一区销售二科,董有张,江苏省,昆山市,2022-06-07,02等,在职,业务,2022-06-07
C8560,袁琦,装备一事业群,销售一部,华南大区,华南二区销售四科,莫帮汉,广东省,东莞市,2020-11-01,07等,在职,业务,2012-02-20
C9137,华亮,装备一事业群,销售一部,华南大区,华南五区销售一科,华亮,广东省,中山市,2021-01-01,04等,在职,业务,2018-07-01
C17877,邓瀚炫,装备一事业群,销售一部,华南大区,华南三区销售一科,张明,广东省,东莞市,2026-06-05,03等,在职,业务,2026-06-05
C17886,王浩杰,装备一事业群,销售四部,华北大区②,华北大区②销售二科,胡封玺,河南省,郑州市,2026-06-06,03等,在职,业务,2026-06-06
C9964,王雷,装备一事业群,销售一部,华南大区,华南二区销售一科,王阵,广东省,深圳市,2021-04-16,03等,在职,业务,2021-04-16
C13480,陈珺珺,装备一事业群,销售一部,华南大区,华南二区销售四科,蔡政,广东省,深圳市,,,在职,业务,
C17158,刘子炜,装备一事业群,销售一部,华南大区,华南三区销售三科,李军,广东省,东莞市,2025-12-27,03等,在职,业务,2025-12-26
C9101,钟昌禄,装备一事业群,销售一部,华南大区,华南三区销售三科,李军,广东省,东莞市,2021-01-01,05等,在职,业务,2019-08-20
C16237,杜颖峰,装备一事业群,销售三部,华北大区①,华北大区①销售一科,关丰连,北京市,北京市,2025-01-11,06等,在职,业务,2025-01-11
C10709,李婧琳,装备一事业群,销售一部,华南大区,华南二区销售三科,张进华,广东省,深圳市,2021-09-28,02等,在职,业务,2021-09-28
C9079,聂世东,装备一事业群,销售一部,华南大区,华南二区销售三科,张进华,广东省,深圳市,2021-01-01,04等,离职,业务,
C17164,陈浩,装备一事业群,销售四部,西南大区,西南大区销售二科,吴丽平,重庆市,重庆市,2025-12-27,03等,在职,业务,2025-12-26
C17256,张涛,装备一事业群,销售四部,华中大区,华中大区销售二科,马琳,湖北省,襄阳市,2026-01-20,03等,离职,业务,
C9083,严树孝,装备一事业群,销售一部,华南大区,华南二区销售二科,贺美玲,广东省,深圳市,2021-01-01,03等,在职,业务,2017-02-27
C9114,陈国梁,装备一事业群,销售一部,华南大区,华南四区销售二科,王敏,广东省,东莞市,2021-01-01,06等,在职,业务,2016-05-04
C16187,李开剑,装备一事业群,销售二部,华东大区,华东二区销售二科,韦金洋,安徽省,宣城市,2024-12-27,03等,在职,业务,2024-12-27
C10061,刘俊锋,装备一事业群,销售一部,华南大区,华南二区销售三科,张进华,广东省,深圳市,2021-05-18,02等,在职,业务,2021-05-18
C8687,冯海波,装备一事业群,销售二部,华东大区,华东二区销售二科,韦金洋,江苏省,常州市,2020-12-01,03等,在职,业务,2007-10-27
C8983,李玉鹏,装备一事业群,销售三部,华北大区①,华北大区①销售一科,李坤,河北省,沧州市,2021-01-01,05等,在职,业务,2017-02-10
C8969,王银涛,装备一事业群,销售四部,华北大区②,华北大区②销售二科,胡封玺,河南省,洛阳市,2021-01-01,03等,离职,业务,
C18253,张开杰,装备一事业群,销售一部,华南大区,华南四区销售三科,莫毅敏,广东省,东莞市,2026-07-21,03等,在职,业务,2026-07-21
C9140,汪星亮,装备一事业群,销售一部,华南大区,华南一区销售二科,余道兴,广东省,东莞市,2021-01-01,05等,在职,业务,2016-05-24
C17901,骆浩,装备一事业群,销售四部,华中大区,华中大区销售二科,马琳,湖北省,武汉市,2026-06-09,03等,在职,业务,2026-06-09
C12543,徐天贵,装备一事业群,销售一部,华南大区,华南二区销售三科,张进华,广东省,深圳市,2023-02-24,03等,在职,业务,2023-02-24
C18000,严君,装备一事业群,销售二部,华东大区,华东二区销售三科,陈琪,江苏省,南通市,2026-06-26,03等,在职,业务,2026-06-26
C8730,王晓军,装备一事业群,销售二部,华东大区,华东三区销售一科,刘小晚,江苏省,苏州市,2020-12-01,03等,在职,业务,2019-02-21
C9051,李家胜,装备一事业群,销售三部,华北大区①,华北大区①销售一科,李坤,天津市,天津市,2021-01-01,03等,在职,业务,2018-03-09
C18002,周广瑞,装备一事业群,销售四部,华北大区②,华北大区②销售一科,梁吉骁,山东省,济宁市,2026-06-26,03等,在职,业务,2026-06-26
C17878,王伟光,装备一事业群,销售四部,西南大区,西南大区销售一科,李祖桥,四川省,成都市,2026-06-05,03等,离职,业务,
C17208,林肯,装备一事业群,销售一部,华南大区,华南三区销售二科,吴忠祥,广东省,东莞市,2026-01-06,03等,离职,业务,
C17346,于昌盛,装备一事业群,销售三部,华北大区①,华北大区①销售一科,关丰连,河北省,廊坊市,2026-03-05,03等,在职,业务,2026-03-05
C8733,刘赞伟,装备一事业群,销售二部,华东大区,华东二区销售二科,韦金洋,江苏省,常州市,2020-12-01,05等,在职,业务,2019-03-28
C18618,陈贺,装备一事业群,销售三部,华北大区①,华北大区①销售一科,张金涛,河北省,邢台市,2026-09-02,03等,在职,业务,2026-09-02
C10877,林华盛,装备一事业群,销售四部,西南大区,西南大区销售二科,吴丽平,重庆市,重庆市,2021-11-22,02等,在职,业务,2021-11-22
C8973,温德福,装备一事业群,销售四部,华中大区,华中大区销售三科,马琳,江西省,九江市,2021-01-01,05等,在职,业务,2020-04-15
C17923,杨阳,装备一事业群,销售三部,华北大区①,华北大区①销售一科,邢立锋,天津市,天津市,2026-06-12,03等,在职,业务,2026-06-12
C16373,于永锋,装备一事业群,销售二部,华东大区,华东三区销售一科,刘小晚,浙江省,宁波市,2025-03-01,06等,在职,业务,2025-03-01
C18299,黄景俊,装备一事业群,销售一部,华南大区,华南四区销售三科,莫毅敏,广东省,东莞市,2026-08-03,03等,在职,业务,2026-08-03
C10687,王法玮,装备一事业群,销售四部,华北大区②,华北大区②销售一科,梁吉骁,山东省,临沂市,2021-09-14,02等,在职,业务,2021-09-14
C17421,赵林峰,装备一事业群,销售四部,西南大区,西南大区销售二科,吴丽平,重庆市,重庆市,2026-03-13,03等,在职,业务,2026-03-13
C17762,杨杰,装备一事业群,销售一部,华南大区,华南五区销售二科,金鑫,广东省,佛山市,2026-05-18,03等,在职,业务,2026-05-18
C8741,刘浩,装备一事业群,销售二部,华东大区,华东三区销售二科,王卫芝,浙江省,永康市,2020-12-01,02等,在职,业务,2020-01-02
C8755,刘刚,装备一事业群,销售二部,华东大区,华东一区销售一科,夏立华,江苏省,苏州市,2020-12-01,03等,在职,业务,2020-08-04
C17113,戚佩阳,装备一事业群,销售四部,华北大区②,华北大区②销售三科,田明明,陕西省,西安市,2025-12-16,03等,离职,业务,
C18130,张国强,装备一事业群,销售二部,华东大区,华东二区销售一科,曹勇,江苏省,无锡市,2026-07-09,03等,在职,业务,2026-07-09
C7111,陈文苟,装备一事业群,销售二部,华东大区,华东三区销售一科,刘小晚,浙江省,宁波市,2020-02-25,02等,在职,业务,2022-02-01
C8722,吴峰,装备一事业群,销售二部,华东大区,华东二区销售三科,陈琪,江苏省,南通市,2020-12-01,03等,在职,业务,2018-08-28
C9014,谢朝英,装备一事业群,销售一部,华南大区,华南五区销售一科,华亮,广东省,中山市,2021-01-01,04等,在职,业务,2015-04-08
C9074,王兴友,装备一事业群,销售一部,华南大区,华南二区销售三科,张进华,广东省,深圳市,2021-01-01,07等,在职,业务,2013-09-25
C8774,黄英,装备一事业群,销售二部,华东大区,华东一区销售一科,夏立华,江苏省,苏州市,2020-12-01,03等,在职,业务,2020-11-18
C9052,关丰连,装备一事业群,销售三部,华北大区①,华北大区①销售一科,李坤,河北省,廊坊市,2021-01-01,05等,在职,业务,2017-11-30
C18447,陆钟光,装备一事业群,销售一部,华南大区,华南三区销售二科,吴忠祥,广东省,东莞市,2026-08-06,03等,在职,业务,2026-08-06
C8749,许泽堂,装备一事业群,销售二部,华东大区,华东二区销售二科,韦金洋,江苏省,常州市,2020-12-01,04等,在职,业务,2020-05-20
C9600,张红龙,装备一事业群,销售二部,华东大区,华东二区销售一科,曹勇,江苏省,无锡市,2021-03-10,03等,在职,业务,2021-03-10
C8767,周亮,装备一事业群,销售二部,华东大区,华东二区销售二科,韦金洋,江苏省,南京市,2020-12-01,05等,在职,业务,2020-11-07
C9026,何稼轩,装备一事业群,销售四部,东南大区,东南大区,章程,福建省,福州市,2021-01-01,02等,在职,业务,2020-11-07
C17770,白文涛,装备一事业群,销售四部,华北大区②,华北大区②销售三科,田明明,陕西省,西安市,2026-05-18,03等,在职,业务,2026-05-18
C10845,杜广猛,装备一事业群,销售三部,华北大区①,华北大区①销售一科,关丰连,河北省,张家口市,2021-11-16,03等,在职,业务,2021-11-16
C17163,夏清华,装备一事业群,销售一部,华南大区,华南三区销售三科,李军,广东省,东莞市,2025-12-27,03等,在职,业务,2025-12-26
C8914,曹勇,装备一事业群,销售二部,华东大区,华东二区销售一科,徐攀峰,江苏省,无锡市,2021-01-01,05等,在职,业务,2018-03-01
C9037,田明明,装备一事业群,销售四部,华北大区②,华北大区②销售三科,张利,陕西省,西安市,2021-01-01,02等,在职,业务,2020-06-01
C9732,雷雨明,装备一事业群,销售二部,华东大区,华东三区销售三科,何昌雷,浙江省,杭州市,2021-03-17,04等,离职,业务,
C9088,刘勇,装备一事业群,销售一部,华南大区,华南四区销售三科,莫毅敏,广东省,东莞市,2021-01-01,03等,在职,业务,2020-10-27
C18559,仵军棋,装备一事业群,销售一部,华南大区,华南一区销售三科,张德竑,广东省,深圳市,2026-08-25,03等,在职,业务,2026-08-25
C2344,杨鹏程,装备一事业群,销售二部,华东大区,华东一区销售二科,董有张,江苏省,昆山市,2015-04-01,02等,在职,业务,2022-10-01
C17124,刘力壮,集团营销中心,销售四部,华北大区②,华北大区②销售一科,张利,山东省,潍坊市,2025-12-18,11等,在职,管理领导,2025-12-18
C17995,张斌,装备一事业群,销售四部,华中大区,华中大区销售三科,马琳,江西省,江西市,2026-06-26,05等,在职,业务,2026-06-26
C8918,刘富强,装备一事业群,销售二部,华东大区,华东二区销售一科,曹勇,江苏省,无锡市,2021-01-01,03等,在职,业务,2014-03-21
C8984,石瑛,装备一事业群,销售四部,华北大区②,华北大区②销售一科,刘力壮,山东省,青岛市,2021-01-01,05等,在职,业务,2011-06-05
C11115,周吉梅,装备一事业群,销售四部,西南大区,西南大区销售二科,吴丽平,重庆市,重庆市,2022-01-17,03等,在职,业务,2022-01-17
C17111,肖之刚,装备一事业群,销售二部,华东大区,华东一区项目销售一科,何嘉原,江苏省,苏州市,2025-12-16,03等,离职,业务,
C9084,张德竑,装备一事业群,销售一部,华南大区,华南一区销售三科,方学坚,广东省,深圳市,2021-01-01,05等,在职,业务,2018-04-04
C8996,邹廷,装备一事业群,销售四部,华中大区,华中大区销售二科,马琳,湖北省,武汉市,2021-01-01,02等,在职,业务,2020-04-01
C9991,王泰圆,装备一事业群,销售四部,华中大区,华中大区销售一科,朱恩幸,湖南省,长沙市,2021-04-22,03等,在职,业务,2021-04-22
C10702,邸兆伟,装备一事业群,销售二部,华东大区,华东二区销售二科,韦金洋,江苏省,常州市,2021-09-24,04等,在职,业务,2026-07-01
C17875,谢盛芦,装备一事业群,销售四部,华中大区,华中大区销售三科,马琳,江西省,江西市,2026-06-05,03等,在职,业务,2026-06-05
C9142,王海军,装备一事业群,销售一部,华南大区,华南二区销售四科,蔡政,广东省,深圳市,2021-01-01,06等,在职,业务,2014-11-25
C17773,李忠可,装备一事业群,销售三部,华北大区①,华北大区①销售一科,李家胜,天津市,天津市,2026-05-18,03等,在职,业务,2026-05-18
C18039,蔡舒,装备一事业群,销售一部,华南大区,华南二区销售三科,张进华,广东省,深圳市,2026-07-02,03等,离职,业务,
C18297,于苓苓,装备一事业群,销售三部,华东大区,华东三区销售一科,刘小晚,浙江省,台州市,2026-08-03,03等,离职,业务,
C12262,周科,装备一事业群,销售一部,华南大区,华南三区销售二科,吴忠祥,广东省,东莞市,2022-10-01,02等,在职,业务,2022-10-01
C11663,陈俊芳,装备一事业群,销售一部,华南大区,华南一区销售二科,余道兴,广东省,东莞市,2022-03-05,02等,在职,业务,2022-03-05
C17156,王宇宇,装备一事业群,销售四部,华中大区,华中大区销售二科,马琳,湖北省,武汉市,2025-12-26,03等,离职,业务,
C17451,刘正南,装备一事业群,销售一部,华南大区,华南四区销售一科,杨基,广东省,深圳市,2026-03-17,03等,在职,业务,2026-03-17
C17922,吴柯言,装备一事业群,销售四部,西南大区,西南大区销售二科,吴丽平,重庆市,重庆市,2026-06-12,03等,在职,业务,2026-06-12
C16366,张胜锋,装备一事业群,销售二部,华东大区,华东一区项目销售一科,何嘉原,江苏省,苏州市,2025-02-27,03等,在职,业务,2025-02-27
C17386,贾欣鹏,装备一事业群,销售四部,华北大区②,华北大区②销售三科,田明明,山西省,太原市,2026-03-10,03等,在职,业务,2026-03-10
C10737,张立峰,装备一事业群,销售二部,华东大区,华东三区销售一科,刘小晚,浙江省,台州市,2021-10-11,04等,在职,业务,2021-10-11
C8734,王建军,装备一事业群,销售二部,华东大区,华东二区销售三科,陈琪,江苏省,南通市,2020-12-01,03等,在职,业务,2019-04-18
C13089,巫莉莉,装备一事业群,销售一部,华南大区,华南五区销售一科,华亮,广东省,中山市,2023-12-28,03等,在职,业务,2023-12-28
C8745,朱大青,装备一事业群,销售二部,华东大区,华东三区销售三科,何昌雷,浙江省,杭州市,2020-12-01,03等,在职,业务,2020-03-30
C11708,贺亮,装备一事业群,销售二部,华东大区,华东三区销售三科,何昌雷,浙江省,绍兴市,2022-03-16,02等,在职,业务,2022-03-16
C18519,杨亮,装备一事业群,销售一部,华南大区,华南一区销售二科,杨新杰,广东省,东莞市,2026-08-19,03等,在职,业务,2026-08-19
C8974,何杰,装备一事业群,销售一部,华南大区,华南三区销售一科,张明,广东省,东莞市,2021-01-01,05等,在职,业务,2020-04-08
C17228,唐天顺,装备一事业群,销售四部,西南大区,西南大区销售二科,吴丽平,重庆市,重庆市,2026-01-08,03等,在职,业务,2026-01-08
C9012,吴耀棒,装备一事业群,销售一部,华南大区,华南四区销售一科,杨基,广东省,深圳市,2021-01-01,04等,在职,业务,2017-07-24
C13434,刘喜,装备一事业群,销售一部,华南大区,华南二区销售四科,蔡政,广东省,东莞市,2024-03-27,03等,在职,业务,2024-03-27
C17299,徐攀峰,装备一事业群,销售二部,华东大区,华东二区销售一科,徐卫东,江苏省,无锡市,2026-03-01,10等,在职,管理领导,2012-08-13
C17888,马坤,装备一事业群,销售四部,西南大区,西南大区销售一科,李祖桥,四川省,成都市,2026-06-06,03等,在职,业务,2026-06-06
C9107,王章涛,装备一事业群,销售一部,华南大区,华南四区销售一科,杨基,广东省,深圳市,2021-01-01,07等,在职,业务,2018-03-27
C17684,刘子仁,装备一事业群,销售三部,华北大区①,华北大区①销售一科,邢立锋,天津市,天津市,2026-05-06,03等,在职,业务,2026-05-06
C18617,张坤坤,装备一事业群,销售四部,华北大区②,华北大区②销售一科,石瑛,山东省,烟台市,2026-09-02,03等,在职,业务,2026-09-02
C17856,郑磊,装备一事业群,销售四部,华北大区②,华北大区②销售三科,田明明,陕西省,西安市,2026-06-03,03等,在职,业务,2026-06-03
C8556,李坤,装备一事业群,销售三部,华北大区,华北大区①,张利,天津市,天津市,2020-11-01,10等,在职,管理领导,2017-08-25
C8915,濮正飞,装备一事业群,销售二部,华东大区,华东二区销售一科,曹勇,江苏省,无锡市,2021-01-01,03等,在职,业务,2017-02-15
C12962,王英广,装备一事业群,销售一部,华南大区,华南二区销售三科,张进华,广东省,深圳市,2023-11-21,03等,在职,业务,2023-11-21
C17251,李昆隆,装备一事业群,销售三部,华北大区①,华北大区①销售一科,邢立锋,河北省,秦皇岛市,2026-01-20,03等,在职,业务,2026-01-20
C9053,张金涛,装备一事业群,销售三部,华北大区①,华北大区①销售一科,李坤,河北省,石家庄市,2021-01-01,06等,在职,业务,2016-07-01
C15741,邹雄,装备一事业群,销售二部,华东大区,华东一区销售二科,董有张,江苏省,昆山市,2024-09-13,02等,在职,业务,2024-09-13
C9081,王湘东,装备一事业群,销售一部,华南大区,华南五区销售二科,金鑫,广东省,佛山市,2021-01-01,03等,在职,业务,2017-11-08
C17192,汪子谦,装备一事业群,销售一部,华南大区,华南三区销售二科,吴忠祥,广东省,东莞市,2026-01-06,03等,离职,业务,
C17962,邵阳,装备一事业群,销售三部,华北大区①,华北大区①销售一科,张金涛,河北省,邢台市,2026-06-18,03等,在职,业务,2026-06-18
C18305,董娟娟,装备一事业群,销售二部,华东大区,华东二区销售三科,陈琪,江苏省,南通市,2026-08-03,03等,在职,业务,2026-08-03
C8700,韩少青,装备一事业群,销售二部,华东大区,华东一区销售一科,夏立华,江苏省,苏州市,2020-12-01,06等,在职,业务,2020-04-01
C8721,何嘉原,装备一事业群,销售二部,华东大区,华东一区项目销售一科,徐卫东,江苏省,苏州市,2020-12-01,05等,在职,业务,2018-08-15
C9106,薛源祥,装备一事业群,销售四部,华北大区②,华北大区②销售二科,胡封玺,河南省,郑州市,2021-01-01,02等,在职,业务,2019-07-05
C9134,徐健,装备一事业群,销售一部,华南大区,华南二区销售一科,王阵,广东省,深圳市,2021-01-01,05等,在职,业务,2019-03-12
C9098,谭宁,装备一事业群,销售一部,华南大区,华南四区销售二科,王敏,广东省,东莞市,2021-01-01,05等,在职,业务,2019-11-08
C17529,杨峻豪,装备一事业群,销售四部,西南大区,西南大区销售一科,李祖桥,四川省,成都市,2026-04-02,03等,在职,业务,2026-04-02
C17975,荣嘉琳,装备一事业群,销售二部,华东大区,华东二区销售三科,陈琪,江苏省,扬州市,2026-06-23,03等,在职,业务,2026-06-23
C5418,林铃,装备一事业群,销售二部,华东大区,华东二区销售三科,陈琪,江苏省,南通市,2018-01-03,02等,在职,业务,2020-12-01
C13480,陈珺珺,装备一事业群,销售一部,华南大区,华南二区销售四科,蔡政,广东省,深圳市,2024-04-08,03等,离职,业务,
C9496,赵明燕,装备一事业群,销售一部,华南大区,华南三区销售二科,吴忠祥,广东省,东莞市,2021-03-04,02等,在职,业务,2021-03-04
C17599,徐果,装备一事业群,销售四部,西南大区,西南大区销售一科,李祖桥,四川省,成都市,2026-04-10,03等,离职,业务,
C8713,余传科,装备一事业群,销售二部,华东大区,华东一区销售一科,夏立华,江苏省,苏州市,2020-12-01,06等,在职,业务,2020-12-01
C13454,叶荣花,装备一事业群,销售二部,华东大区,华东三区销售一科,刘小晚,浙江省,宁波市,2024-04-01,03等,在职,业务,2024-04-01
C17248,胡孝宇,装备一事业群,销售一部,华南大区,华南三区销售二科,吴忠祥,广东省,东莞市,2026-01-20,03等,在职,业务,2026-01-20
C8775,左金玉,装备一事业群,销售二部,华东大区,华东三区销售二科,王卫芝,浙江省,永康市,2020-12-01,03等,在职,业务,2020-11-23
C9082,莫毅敏,装备一事业群,销售一部,华南大区,华南四区销售三科,莫毅敏,广东省,东莞市,2021-01-01,04等,在职,业务,2018-03-01
C15300,陆鹤,装备一事业群,销售二部,华东大区,华东二区销售一科,曹勇,江苏省,无锡市,2024-06-24,02等,在职,业务,2024-06-24
C17945,王朋飞,装备一事业群,销售二部,华东大区,华东一区销售二科,董有张,江苏省,昆山市,2026-06-17,03等,在职,业务,2026-06-17
C17442,黄士民,装备一事业群,销售四部,华北大区②,华北大区②销售二科,胡封玺,河南省,许昌市,2026-03-14,03等,在职,业务,2026-03-14
C17472,伊继彬,装备一事业群,销售四部,华北大区②,华北大区②销售一科,梁吉骁,山东省,淄博市,2026-03-24,03等,在职,业务,2026-03-24
C8689,陈琪,装备一事业群,销售二部,华东大区,华东二区销售三科,徐攀峰,江苏省,南通市,2020-12-01,07等,在职,业务,2012-03-05
C17155,郭锡容,装备一事业群,销售一部,华南大区,华南三区销售三科,李军,广东省,东莞市,2025-12-26,03等,在职,业务,2025-12-26
C16463,张青,装备一事业群,销售二部,华东大区,华东二区销售二科,韦金洋,安徽省,芜湖市,2025-04-11,02等,在职,业务,2025-04-11
C17148,李少刚,装备一事业群,销售二部,华东大区,华东一区项目销售一科,何嘉原,江苏省,苏州市,2025-12-23,03等,在职,业务,2025-12-23
C17650,叶显辉,装备一事业群,销售二部,华东大区,华东三区销售二科,王卫芝,浙江省,温州市,2026-04-24,03等,在职,业务,2026-04-24
C9131,刘伟,装备一事业群,销售四部,华北大区②,华北大区②销售二科,胡封玺,河南省,洛阳市,2021-01-01,04等,在职,业务,2017-11-17
C17288,刘永建,装备一事业群,销售三部,华北大区①,华北大区①销售一科,李玉鹏,河北省,沧州市,2026-02-05,03等,在职,业务,2026-02-05
C2394,张永军,装备一事业群,销售一部,华南大区,华南五区销售一科,华亮,广东省,中山市,2015-04-30,02等,在职,业务,2022-03-01
C18585,刘杰,装备一事业群,销售三部,华北大区①,华北大区①销售一科,李玉鹏,河北省,沧州市,2026-08-26,03等,在职,业务,2026-08-26
C5036,岳文杰,装备一事业群,销售一部,华南大区,华南五区销售一科,华亮,广东省,中山市,2017-08-24,03等,在职,业务,2021-10-01
C17178,王正禹,装备一事业群,销售四部,西南大区,西南大区销售一科,李祖桥,四川省,成都市,2025-12-27,03等,在职,业务,2025-12-26
C17623,李兴旺,装备一事业群,销售四部,华北大区②,华北大区②销售一科,石瑛,山东省,潍坊市,2026-04-15,03等,在职,业务,2026-04-15
C12085,梁洪荣,装备一事业群,销售一部,华南大区,华南五区销售二科,金鑫,广东省,佛山市,2022-08-20,05等,在职,业务,2022-08-20
C17530,全东康,装备一事业群,销售一部,华南大区,华南三区销售三科,李军,广东省,东莞市,2026-04-02,03等,在职,业务,2026-04-02
C8716,张禄山,装备一事业群,销售二部,华东大区,华东三区销售一科,刘小晚,浙江省,宁波市,2020-12-01,03等,在职,业务,2018-03-19
C9019,王敏,装备一事业群,销售一部,华南大区,华南四区销售二科,廖勇,广东省,东莞市,2021-01-01,08等,在职,业务,2013-03-08
C12364,邢文杰,装备一事业群,销售二部,华东大区,华东一区销售二科,董有张,上海市,上海市,2023-02-07,02等,在职,业务,2023-02-07
C18612,张彦,装备一事业群,销售一部,华南大区,华南一区销售三科,张德竑,广东省,深圳市,2026-09-01,03等,在职,业务,2026-09-01
C13504,龚雅慧,装备一事业群,销售二部,华东大区,华东二区销售二科,韦金洋,安徽省,合肥市,2024-04-10,03等,在职,业务,2024-04-10
C0010,蔡万峰,装备一事业群,销售一部,华南大区,华南大区,张利,广东省,深圳市,2008-02-28,11等,在职,管理领导,2008-02-28
C8919,潘小从,装备一事业群,销售二部,华东大区,华东二区销售三科,陈琪,江苏省,无锡市,2021-01-01,04等,在职,业务,2013-12-30
C9095,杨新杰,装备一事业群,销售一部,华南大区,华南一区销售三科,张德竑,广东省,深圳市,2021-01-01,05等,在职,业务,2020-03-19
C17626,肖文杰,装备一事业群,销售一部,华南大区,华南三区销售一科,张明,广东省,东莞市,2026-04-16,03等,在职,业务,2026-04-16
C12244,张寿山,装备一事业群,销售二部,华东大区,华东一区销售二科,董有张,江苏省,昆山市,2022-10-17,02等,在职,业务,2022-10-17
C9143,李猛,装备一事业群,销售一部,华南大区,华南二区销售二科,贺美玲,广东省,深圳市,2021-01-01,06等,在职,业务,2017-07-18
C8712,邵辉,装备一事业群,销售二部,华东大区,华东一区项目销售二科,徐卫东,浙江省,永康市,2020-12-01,07等,在职,业务,2018-01-05
C13437,闫晨,装备一事业群,销售四部,华北大区②,华北大区②销售三科,田明明,山西省,太原市,2024-03-27,03等,离职,业务,
C13437,闫晨,装备一事业群,销售四部,华北大区②,华北大区②销售三科,田明明,陕西省,西安市,2024-03-27,03等,在职,业务,
C8917,朱佳明,装备一事业群,销售二部,华东大区,华东二区销售一科,曹勇,江苏省,无锡市,2021-01-01,03等,在职,业务,2016-02-24
C9063,何雪辉,装备一事业群,销售一部,华南大区,华南一区销售一科,方学坚,广东省,惠州市,2021-01-01,07等,在职,业务,2014-05-04
C12603,查迎兵,装备一事业群,销售一部,华南大区,华南二区销售二科,贺美玲,广东省,深圳市,2023-03-13,03等,在职,业务,2023-03-13
C18013,蒋鹏远,装备一事业群,销售四部,华北大区②,华北大区②销售二科,胡封玺,河南省,郑州市,2026-06-30,03等,在职,业务,2026-06-30
C17242,赵雯,装备一事业群,销售四部,华北大区②,华北大区②销售二科,胡封玺,河南省,南阳市,2026-01-10,03等,在职,业务,2026-01-10
C17976,王小琴,装备一事业群,销售一部,华南大区,华南一区销售三科,张德竑,广东省,深圳市,2026-06-23,03等,在职,业务,2026-06-23
C17625,郑笺,装备一事业群,销售一部,华南大区,华南二区销售一科,王阵,广东省,深圳市,2026-04-15,03等,在职,业务,2026-04-15
C17686,岳强,装备一事业群,销售三部,华北大区①,华北大区①销售一科,邢立锋,天津市,天津市,2026-05-06,03等,在职,业务,2026-05-06
C17946,王子安,装备一事业群,销售三部,华北大区①,华北大区①销售二科,李坤,黑龙江省,哈尔滨市,2026-06-17,03等,在职,业务,2026-06-17
C15068,潘茂胜,装备一事业群,销售二部,华东大区,华东三区销售一科,刘小晚,浙江省,宁波市,2024-04-16,03等,在职,业务,2024-04-16
C18558,刘军,装备一事业群,销售四部,西南大区,西南大区销售一科,李祖桥,四川省,成都市,2026-08-25,03等,在职,业务,2026-08-25
C18583,庄俭贤,装备一事业群,销售一部,华南大区,华南三区销售二科,吴忠祥,广东省,东莞市,2026-08-26,03等,在职,业务,2026-08-26
C8742,宋广全,装备一事业群,销售二部,华东大区,华东一区销售一科,夏立华,江苏省,苏州市,2020-12-01,04等,在职,业务,2020-01-03
C11671,谢孝纲,装备一事业群,销售二部,华东大区,华东三区销售三科,何昌雷,浙江省,杭州市,2022-03-07,02等,在职,业务,2022-03-07
C13476,杨洋,装备一事业群,销售二部,华东大区,华东一区项目销售一科,何嘉原,江苏省,苏州市,2024-04-08,03等,在职,业务,2024-04-08
C9004,朱恩幸,装备一事业群,销售四部,华中大区,华中大区销售一科,叶良红,湖南省,长沙市,2021-01-01,07等,在职,业务,2014-02-27
C8561,莫帮汉,装备一事业群,销售一部,华南大区,华南二区销售一科,蔡万峰,广东省,深圳市,2020-11-01,09等,在职,管理领导,2012-02-21
C9017,刘学振,装备一事业群,销售一部,华南大区,华南四区销售三科,莫毅敏,广东省,东莞市,2021-01-01,03等,在职,业务,2017-09-29
C17485,唐梓高,装备一事业群,销售二部,华东大区,华东二区销售一科,曹勇,江苏省,无锡市,2026-03-24,03等,在职,业务,2026-03-24
C8697,袁刚新,装备一事业群,销售二部,华东大区,华东二区销售二科,韦金洋,江苏省,常州市,2020-12-01,05等,在职,业务,2015-05-11
C8990,关中法,装备一事业群,销售一部,华南大区,华南四区销售三科,莫毅敏,广东省,东莞市,2021-01-01,03等,在职,业务,2017-11-15
C9028,彭一成,装备一事业群,销售一部,华南大区,华南二区销售一科,王阵,广东省,深圳市,2021-01-01,03等,在职,业务,2020-10-15
C8668,韦金洋,装备一事业群,销售二部,华东大区,华东二区销售二科,徐攀峰,江苏省,常州市,2020-11-01,09等,在职,业务,2011-05-10
C16202,陈凯,装备一事业群,销售一部,华南大区,华南四区销售三科,莫毅敏,广东省,东莞市,2025-01-03,03等,在职,业务,2025-01-03
C17385,罗彩霞,装备一事业群,销售一部,华南大区,华南二区销售三科,张进华,广东省,深圳市,2026-03-10,03等,在职,业务,2026-03-10
C10081,黎善平,装备一事业群,销售四部,华中大区,华中大区销售三科,马琳,江西省,江西市,2021-05-21,03等,在职,业务,2021-05-21
C8943,陈鼎新,装备一事业群,销售四部,东南大区,东南大区,章程,贵州省,贵阳市,2021-01-25,04等,在职,业务,2021-01-25
C11890,张开良,装备一事业群,销售四部,华北大区②,华北大区②销售一科,石瑛,山东省,潍坊市,2022-06-23,02等,在职,业务,2022-06-23
C17808,徐亮,装备一事业群,销售四部,华中大区,华中大区销售三科,马琳,江西省,江西市,2026-05-26,03等,在职,业务,2026-05-26
C9021,李杰,装备一事业群,销售一部,华南大区,华南二区销售一科,王阵,广东省,深圳市,2021-01-01,03等,在职,业务,2014-01-03
C8729,赵登金,装备一事业群,销售二部,华东大区,华东二区销售三科,陈琪,江苏省,扬州市,2020-12-01,02等,在职,业务,2019-02-12
C8748,汪海峰,装备一事业群,销售二部,华东大区,华东一区销售一科,夏立华,江苏省,苏州市,2020-12-01,06等,在职,业务,2020-05-19
C17527,杨钢,装备一事业群,销售三部,华北大区①,华北大区①销售一科,李家胜,天津市,天津市,2026-04-02,03等,在职,业务,2026-04-02
C17890,王常吉,装备一事业群,销售三部,华北大区①,华北大区①销售一科,李家胜,天津市,天津市,2026-06-06,03等,在职,业务,2026-06-06
C17605,付念,装备一事业群,销售四部,华中大区,华中大区销售一科,朱恩幸,湖南省,长沙市,2026-04-11,03等,在职,业务,2026-04-11
C18004,皮蛟龙,装备一事业群,销售二部,华东大区,华东二区销售三科,陈琪,江苏省,南通市,2026-06-26,03等,在职,业务,2026-06-26
C8559,方学坚,装备一事业群,销售一部,华南大区,华南一区销售三科,蔡万峰,广东省,深圳市,2020-11-01,10等,在职,管理领导,2012-02-24
C8624,董有张,装备一事业群,销售二部,华东大区,华东一区销售二科,徐卫东,江苏省,昆山市,2020-11-01,09等,在职,业务,2010-11-25
C17356,李伟,装备一事业群,销售四部,华北大区②,华北大区②销售一科,梁吉骁,山东省,泰安市,2026-03-06,03等,在职,业务,2026-03-06
C17614,林佳娜,装备一事业群,销售一部,华南大区,华南二区销售二科,贺美玲,广东省,深圳市,2026-04-14,03等,在职,业务,2026-04-14
C10441,毕仪成,装备一事业群,销售二部,华东大区,华东二区销售二科,韦金洋,江苏省,镇江市,2021-07-08,03等,在职,业务,2021-07-08
C8709,金柳海,装备一事业群,销售二部,华东大区,华东三区销售一科,刘小晚,浙江省,宁波市,2020-12-01,04等,在职,业务,2017-06-26
C8746,王丹,装备一事业群,销售二部,华东大区,华东三区销售二科,王卫芝,浙江省,温州市,2020-12-01,06等,在职,业务,2020-04-14
C9042,潘佛有,装备一事业群,销售一部,华南大区,华南一区销售三科,张德竑,广东省,深圳市,2021-01-01,03等,在职,业务,2019-12-09
C16745,周全凤,装备一事业群,销售四部,华中大区,华中大区销售二科,马琳,湖北省,十堰市,2025-07-29,03等,在职,业务,2025-07-29
C18508,高洁,装备一事业群,销售一部,华南大区,华南四区销售二科,王敏,广东省,东莞市,2026-08-18,03等,在职,业务,2026-08-18
C9022,王自有,装备一事业群,销售一部,华南大区,华南一区销售三科,张德竑,广东省,深圳市,2021-01-01,05等,在职,业务,2019-03-01
C17646,谭新国,装备一事业群,销售一部,华南大区,华南一区销售二科,余道兴,广东省,东莞市,2026-04-22,03等,在职,业务,2026-04-22
C9003,李祖桥,装备一事业群,销售四部,西南大区,西南大区销售一科,张帅,四川省,成都市,2021-01-01,05等,在职,业务,2015-06-26
C17918,陈昭,装备一事业群,销售三部,华北大区①,华北大区①销售一科,李家胜,天津市,天津市,2026-06-11,03等,在职,业务,2026-06-11
C18143,田凤娜,装备一事业群,销售四部,华北大区②,华北大区②销售一科,石瑛,山东省,烟台市,2026-07-10,05等,离职,业务,2026-07-10
C8981,刘殿霄,装备一事业群,销售四部,华中大区,华中大区销售一科,朱恩幸,湖南省,长沙市,2021-01-01,05等,在职,业务,2015-03-11
C8988,贺美玲,装备一事业群,销售一部,华南大区,华南二区销售二科,莫帮汉,广东省,深圳市,2021-01-01,07等,在职,业务,2014-02-21
C9104,吴丽平,装备一事业群,销售四部,西南大区,西南大区销售二科,张帅,重庆市,重庆市,2021-01-01,08等,在职,业务,2016-03-01
C13042,杨志锋,装备一事业群,销售一部,华南大区,华南三区销售二科,吴忠祥,广东省,东莞市,2023-12-08,03等,离职,业务,
C16370,邓镒铨,装备一事业群,销售一部,华南大区,华南五区销售二科,金鑫,广东省,佛山市,2025-02-27,03等,在职,业务,2025-02-27
C17974,段旭东,装备一事业群,销售三部,华北大区①,华北大区①销售一科,张金涛,河北省,邢台市,2026-06-23,03等,离职,业务,
C9080,朱志远,装备一事业群,销售一部,华南大区,华南二区销售三科,张进华,广东省,深圳市,2021-01-01,03等,在职,业务,2019-02-23
C17615,何志全,装备一事业群,销售二部,华东大区,华东三区销售二科,王卫芝,浙江省,温州市,2026-04-14,03等,在职,业务,2026-04-14
C8724,夏明,装备一事业群,销售二部,华东大区,华东一区销售一科,夏立华,江苏省,苏州市,2020-12-01,04等,在职,业务,2018-10-15
C17475,韩兴兴,装备一事业群,销售二部,华东大区,华东三区销售一科,刘小晚,浙江省,台州市,2026-03-24,03等,在职,业务,2026-03-24
C9147,何嘉全,装备一事业群,销售一部,华南大区,华南五区销售一科,华亮,广东省,中山市,2021-01-01,02等,在职,业务,2020-12-25
C15083,辛清卫,装备一事业群,销售二部,华东大区,华东一区项目销售一科,何嘉原,江苏省,苏州市,,,在职,业务,
C12559,柯亮亮,装备一事业群,销售一部,华南大区,华南四区销售三科,莫毅敏,广东省,东莞市,2023-03-03,06等,在职,业务,2023-03-03
F17563,刘宇星,装备一事业群,销售一部,华南大区,华南五区销售一科,华亮,广东省,中山市,2026-04-03,03等,在职,业务,2026-04-03
C16155,李金玲,装备一事业群,销售一部,华南大区,华南三区销售二科,吴忠祥,广东省,东莞市,2024-12-16,04等,在职,业务,2024-12-16
C17698,洪强,装备一事业群,销售二部,华东大区,华东二区销售二科,韦金洋,安徽省,芜湖市,2026-05-07,03等,在职,业务,2026-05-07
C17840,杨坤,装备一事业群,销售三部,华北大区①,华北大区①销售一科,邢立锋,天津市,天津市,2026-06-02,03等,离职,业务,
C8989,夏春林,装备一事业群,销售一部,华南大区,华南五区销售二科,金鑫,广东省,肇庆市,2021-01-01,06等,在职,业务,2013-07-13
C8991,吴忠祥,装备一事业群,销售一部,华南大区,华南三区销售二科,李军,广东省,东莞市,2021-01-01,06等,在职,业务,2012-03-22
C9133,原孝林,装备一事业群,销售四部,华北大区②,华北大区②销售一科,石瑛,山东省,威海市,2021-01-01,06等,在职,业务,2017-11-02
C16106,张明术,装备一事业群,销售一部,华南大区,华南一区销售一科,何雪辉,广东省,惠州市,2024-12-05,04等,在职,业务,2024-12-05
C11466,唐傲,装备一事业群,销售二部,华东大区,华东二区销售一科,曹勇,江苏省,无锡市,2022-02-21,02等,离职,业务,
C17286,付家恒,装备一事业群,销售四部,华北大区②,华北大区②销售二科,胡封玺,河南省,新乡市,2026-02-03,03等,在职,业务,2026-02-03
C9141,李军,装备一事业群,销售一部,华南大区,华南三区销售三科,李军,广东省,东莞市,2021-01-01,07等,在职,管理领导,2017-06-19
C8725,余才来,装备一事业群,销售二部,华东大区,华东二区销售二科,韦金洋,安徽省,合肥市,2020-12-01,03等,在职,业务,2018-10-18
C17166,蔡安玉,装备一事业群,销售二部,华东大区,华东一区项目销售一科,何嘉原,江苏省,苏州市,2025-12-27,03等,在职,业务,2025-12-26
C10603,惠春发,装备一事业群,销售一部,华南大区,华南四区销售二科,王敏,广东省,东莞市,2021-08-24,03等,在职,业务,2021-08-24
C17198,吕瑞发,装备一事业群,销售二部,华东大区,华东三区销售一科,刘小晚,浙江省,台州市,2026-01-06,03等,在职,业务,2026-01-06
C10067,姚园浩,装备一事业群,销售四部,华北大区②,华北大区②销售一科,石瑛,山东省,潍坊市,2021-05-20,02等,在职,业务,2021-05-20
C8731,王炳荣,装备一事业群,销售二部,华东大区,华东一区销售一科,夏立华,江苏省,苏州市,2020-12-01,03等,在职,业务,2019-02-22
C17128,徐兆成,装备一事业群,销售二部,华东大区,华东一区项目销售一科,何嘉原,江苏省,苏州市,2025-12-18,03等,离职,业务,
C8717,胡斌,装备一事业群,销售二部,华东大区,华东二区销售二科,韦金洋,江苏省,镇江市,2020-12-01,06等,在职,业务,2018-05-23
C9020,王阵,装备一事业群,销售一部,华南大区,华南二区销售一科,莫帮汉,广东省,深圳市,2021-01-01,05等,在职,业务,2015-12-21
C9027,徐绍,装备一事业群,销售一部,华南大区,华南二区销售四科,蔡政,广东省,深圳市,2021-01-01,03等,在职,业务,2020-10-29
C9075,余道兴,装备一事业群,销售一部,华南大区,华南一区销售二科,方学坚,广东省,东莞市,2021-01-01,04等,在职,业务,2019-01-09
C17106,陈建辉,装备一事业群,销售一部,华南大区,华南三区销售三科,李军,广东省,东莞市,2025-12-16,03等,离职,业务,
C17879,郑策,装备一事业群,销售三部,华北大区①,华北大区①销售一科,邢立锋,天津市,天津市,2026-06-05,03等,离职,业务,
C7105,蒋淑文,装备一事业群,销售二部,华东大区,华东一区销售一科,夏立华,江苏省,苏州市,2020-03-14,03等,在职,业务,2021-09-01
C8773,孔银,装备一事业群,销售二部,华东大区,华东一区销售二科,董有张,江苏省,昆山市,2020-12-01,05等,在职,业务,2020-11-17
C9073,王宏伟,装备一事业群,销售一部,华南大区,华南三区销售一科,张明,广东省,东莞市,2021-01-01,05等,在职,业务,2017-04-15
C9094,夏双勇,装备一事业群,销售一部,华南大区,华南三区销售一科,张明,广东省,东莞市,2021-01-01,04等,在职,业务,2020-05-19
C8752,王殿臣,装备一事业群,销售二部,华东大区,华东三区销售三科,何昌雷,浙江省,嘉兴市,2020-12-01,05等,在职,业务,2020-06-15
C17169,高飞,装备一事业群,销售四部,西南大区,西南大区销售一科,李祖桥,四川省,南充市,2025-12-27,03等,离职,业务,
C8701,张绪麟,装备一事业群,销售二部,华东大区,华东一区销售一科,夏立华,江苏省,苏州市,2020-12-01,05等,在职,业务,2016-10-17
C9117,金鑫,装备一事业群,销售一部,华南大区,华南五区销售二科,金鑫,广东省,佛山市,2021-01-01,04等,在职,业务,2020-11-07
C9949,夏广松,装备一事业群,销售一部,华南大区,华南五区销售二科,金鑫,广东省,佛山市,2021-04-13,04等,在职,业务,2021-04-13
C17173,张超,装备一事业群,销售三部,华北大区①,华北大区①销售二科,李坤,辽宁省,沈阳市,2025-12-27,03等,在职,业务,2025-12-26
C8707,袁金龙,装备一事业群,销售二部,华东大区,华东二区销售二科,韦金洋,安徽省,合肥市,2020-12-01,05等,在职,业务,2017-06-10
C1077,陆昌,装备一事业群,销售一部,华南大区,华南二区销售三科,张进华,广东省,深圳市,2014-04-30,03等,在职,业务,2022-03-01
C9034,于书博,装备一事业群,销售三部,华北大区①,华北大区①销售二科,李坤,辽宁省,沈阳市,2021-01-01,04等,在职,业务,2020-08-03
C17481,崔汉磊,装备一事业群,销售四部,华北大区②,华北大区②销售一科,梁吉骁,山东省,淄博市,2026-03-24,03等,在职,业务,2026-03-24
C8688,何贤钦,装备一事业群,销售二部,华东大区,华东一区销售二科,董有张,江苏省,昆山市,2020-12-01,03等,在职,业务,2009-03-02
C16375,李学斌,装备一事业群,销售四部,西南大区,西南大区销售二科,吴丽平,重庆市,重庆市,2025-03-04,03等,在职,业务,2025-03-04
C17259,乔灼,装备一事业群,销售三部,华北大区①,华北大区①销售一科,张金涛,河北省,邢台市,2026-01-20,03等,在职,业务,2026-01-20
C17732,李艳虎,装备一事业群,销售四部,华中大区,华中大区销售二科,马琳,湖北省,武汉市,2026-05-13,03等,离职,业务,
C18304,赵柏,装备一事业群,销售二部,华东大区,华东二区销售二科,韦金洋,安徽省,合肥市,2026-08-03,03等,在职,业务,2026-08-03
C9132,梁吉骁,装备一事业群,销售四部,华北大区②,华北大区②销售一科,刘力壮,山东省,济南市,2021-01-01,05等,在职,业务,2017-10-19
C12648,侯鹏,装备一事业群,销售三部,华北大区①,华北大区①销售二科,李坤,吉林省,长春市,2023-03-22,05等,在职,业务,2023-03-22
C9018,余俊庭,装备一事业群,销售一部,华南大区,华南五区销售二科,金鑫,广东省,江门市,2021-01-01,03等,在职,业务,2017-08-03
C17109,卢亮斌,装备一事业群,销售一部,华南大区,华南三区销售一科,张明,广东省,东莞市,2025-12-16,03等,离职,业务,
C8720,周海龙,装备一事业群,销售二部,华东大区,华东二区销售三科,陈琪,江苏省,盐城市,2020-12-01,05等,在职,业务,2018-06-26
C17110,周军,装备一事业群,销售二部,华东大区,华东三区销售三科,何昌雷,浙江省,湖州市,2025-12-16,03等,离职,业务,
C15083,辛清卫,装备一事业群,销售二部,华东大区,华东一区项目销售一科,何嘉原,江苏省,苏州市,2024-04-17,03等,离职,业务,
C17727,姚静静,装备一事业群,销售一部,华南大区,华南三区销售三科,李军,广东省,东莞市,2026-05-12,03等,在职,业务,2026-05-12
C13436,孙露,装备一事业群,销售四部,华北大区②,华北大区②销售二科,胡封玺,河南省,洛阳市,2024-03-27,03等,在职,业务,2024-03-27
C17383,王海旭,装备一事业群,销售一部,华南大区,华南二区销售三科,张进华,广东省,深圳市,2026-03-10,03等,在职,业务,2026-03-10
C17766,陆长正,装备一事业群,销售四部,华中大区,华中大区销售二科,马琳,湖北省,武汉市,2026-05-16,03等,在职,业务,2026-05-16
C17924,赵康,装备一事业群,销售三部,华北大区①,华北大区①销售一科,张金涛,河北省,邢台市,2026-06-12,03等,在职,业务,2026-06-12
F17387,孙继澳,装备一事业群,销售四部,华北大区②,华北大区②销售二科,胡封玺,河南省,郑州市,2026-03-10,03等,在职,业务,2026-03-10
F16717,唐光忠,装备一事业群,销售二部,华东大区,华东一区项目销售一科,何嘉原,江苏省,苏州市,2025-07-21,02等,在职,业务,2025-12-01
C17591,周赢,装备一事业群,销售四部,华中大区,华中大区销售二科,马琳,湖北省,武汉市,2026-04-09,03等,在职,业务,2026-04-09
C8708,徐敬杰,装备一事业群,销售二部,华东大区,华东二区销售三科,陈琪,江苏省,南通市,2020-12-01,02等,在职,业务,2017-06-26
C2939,巫程伟,装备一事业群,销售二部,华东大区,华东二区销售一科,曹勇,江苏省,无锡市,2016-03-21,02等,在职,业务,2016-03-21
C11847,王琨博,装备一事业群,销售三部,华北大区①,华北大区①销售二科,李坤,黑龙江省,哈尔滨市,2022-05-20,03等,在职,业务,2022-05-20
C17138,陈胜,装备一事业群,销售一部,华南大区,华南三区销售一科,张明,广东省,东莞市,2025-12-23,03等,在职,业务,2025-12-23
C17271,郏杨洋,装备一事业群,销售二部,华东大区,华东三区销售一科,刘小晚,浙江省,台州市,2026-01-23,03等,离职,业务,
C8997,蓝毓权,装备一事业群,销售一部,华南大区,华南四区销售一科,杨基,广东省,深圳市,2021-01-01,03等,在职,业务,2020-04-01
C12649,伍章亮,装备一事业群,销售四部,东南大区,东南大区,章程,广西省,桂林市,2023-03-23,03等,在职,业务,2023-03-23
C17876,陈芳芳,装备一事业群,销售一部,华南大区,华南三区销售三科,李军,广东省,东莞市,2026-06-05,03等,在职,业务,2026-06-05
C8760,田震,装备一事业群,销售二部,华东大区,华东一区销售一科,夏立华,江苏省,苏州市,2020-12-01,02等,在职,业务,2020-09-18
C17260,王开行,装备一事业群,销售四部,华中大区,华中大区销售一科,朱恩幸,湖南省,长沙市,2026-01-23,03等,在职,业务,2026-01-23
C2051,蔡梁,装备一事业群,销售一部,华南大区,华南四区销售一科,杨基,广东省,深圳市,2014-12-02,03等,在职,业务,2022-01-01
C9010,魏玉平,装备一事业群,销售一部,华南大区,华南三区销售一科,张明,广东省,东莞市,2021-01-01,02等,在职,业务,2018-09-22
C17706,甘政毅,装备一事业群,销售四部,华中大区,华中大区销售三科,马琳,江西省,江西市,2026-05-08,03等,在职,业务,2026-05-08
C17716,江有弟,装备一事业群,销售三部,华东大区,华东三区销售一科,刘小晚,浙江省,台州市,2026-05-09,03等,在职,业务,2026-05-09
C17916,宿岩松,装备一事业群,销售三部,华北大区①,华北大区①销售二科,李坤,黑龙江省,哈尔滨市,2026-06-11,03等,离职,业务,
C10657,张建忠,装备一事业群,销售四部,东南大区,东南大区,章程,广西省,柳州市,2021-09-08,02等,在职,业务,2021-09-08
